PassengerId,Survived,Pclass,Sex,Age,SibSp,Parch,Fare,Embarked,Title,AgeGroup,HasCabin,Deck,FareIsZero,FareCapped,FareLog,FamilySize,IsAlone
1,0,3,male,22.0,1,0,7.25,S,Mr,Young Adult,0,Unknown,0,7.25,2.1102132003465894,2,0
2,1,1,female,38.0,1,0,71.2833,C,Mrs,Adult,1,C,0,65.6344,4.2805931204649,2,0
3,1,3,female,26.0,0,0,7.925,S,Miss,Young Adult,0,Unknown,0,7.925,2.188856327665703,1,1
4,1,1,female,35.0,1,0,53.1,S,Mrs,Young Adult,1,C,0,53.1,3.9908341858524357,2,0
5,0,3,male,35.0,0,0,8.05,S,Mr,Young Adult,0,Unknown,0,8.05,2.2027647577118348,1,1
6,0,3,male,26.0,0,0,8.4583,Q,Mr,Young Adult,0,Unknown,0,8.4583,2.246892662898172,1,1
7,0,1,male,54.0,0,0,51.8625,S,Mr,Adult,1,E,0,51.8625,3.967694202798607,1,1
8,0,3,male,2.0,3,1,21.075,S,Master,Child,0,Unknown,0,21.075,3.0944457464900235,5,0
9,1,3,female,27.0,0,2,11.1333,S,Mrs,Young Adult,0,Unknown,0,11.1333,2.495953738718064,3,0
10,1,2,female,14.0,1,0,30.0708,C,Mrs,Teen,0,Unknown,0,30.0708,3.436268471383741,2,0
11,1,3,female,4.0,1,1,16.7,S,Miss,Child,1,G,0,16.7,2.8735646395797834,3,0
12,1,1,female,58.0,0,0,26.55,S,Miss,Adult,1,C,0,26.55,3.3160025355989236,1,1
13,0,3,male,20.0,0,0,8.05,S,Mr,Young Adult,0,Unknown,0,8.05,2.2027647577118348,1,1
14,0,3,male,39.0,1,5,31.275,S,Mr,Adult,0,Unknown,0,31.275,3.4742929367327062,7,0
15,0,3,female,14.0,0,0,7.8542,S,Miss,Teen,0,Unknown,0,7.8542,2.180891922715322,1,1
16,1,2,female,55.0,0,0,16.0,S,Mrs,Adult,0,Unknown,0,16.0,2.833213344056216,1,1
17,0,3,male,2.0,4,1,29.125,Q,Master,Child,0,Unknown,0,29.125,3.405355391810819,6,0
18,1,2,male,31.0,0,0,13.0,S,Mr,Young Adult,0,Unknown,0,13.0,2.6390573296152584,1,1
19,0,3,female,31.0,1,0,18.0,S,Mrs,Young Adult,0,Unknown,0,18.0,2.9444389791664403,2,0
20,1,3,female,31.0,0,0,7.225,C,Mrs,Young Adult,0,Unknown,0,7.225,2.1071782966514356,1,1
21,0,2,male,35.0,0,0,26.0,S,Mr,Young Adult,0,Unknown,0,26.0,3.295836866004329,1,1
22,1,2,male,34.0,0,0,13.0,S,Mr,Young Adult,1,D,0,13.0,2.6390573296152584,1,1
23,1,3,female,15.0,0,0,8.0292,Q,Miss,Teen,0,Unknown,0,8.0292,2.2004637699272855,1,1
24,1,1,male,28.0,0,0,35.5,S,Mr,Young Adult,1,A,0,35.5,3.597312260588446,1,1
25,0,3,female,8.0,3,1,21.075,S,Miss,Child,0,Unknown,0,21.075,3.0944457464900235,5,0
26,1,3,female,38.0,1,5,31.3875,S,Mrs,Adult,0,Unknown,0,31.3875,3.4777725458882283,7,0
27,0,3,male,26.0,0,0,7.225,C,Mr,Young Adult,0,Unknown,0,7.225,2.1071782966514356,1,1
28,0,1,male,19.0,3,2,263.0,S,Mr,Young Adult,1,C,0,65.6344,5.575949103146316,6,0
29,1,3,female,18.0,0,0,7.8792,Q,Miss,Teen,0,Unknown,0,7.8792,2.1837114628556327,1,1
30,0,3,male,26.0,0,0,7.8958,S,Mr,Young Adult,0,Unknown,0,7.8958,2.1855792552411137,1,1
31,0,1,male,40.0,0,0,27.7208,C,Rare,Adult,0,Unknown,0,27.7208,3.357621598945279,1,1
32,1,1,female,40.0,1,0,146.5208,C,Mrs,Adult,1,B,0,65.6344,4.993969182787072,2,0
33,1,3,female,18.0,0,0,7.75,Q,Miss,Teen,0,Unknown,0,7.75,2.169053700369523,1,1
34,0,2,male,66.0,0,0,10.5,S,Mr,Senior,0,Unknown,0,10.5,2.4423470353692043,1,1
35,0,1,male,28.0,1,0,82.1708,C,Mr,Young Adult,0,Unknown,0,65.6344,4.420896324687287,2,0
36,0,1,male,42.0,1,0,52.0,S,Mr,Adult,0,Unknown,0,52.0,3.970291913552122,2,0
37,1,3,male,26.0,0,0,7.2292,C,Mr,Young Adult,0,Unknown,0,7.2292,2.1076888046179385,1,1
38,0,3,male,21.0,0,0,8.05,S,Mr,Young Adult,0,Unknown,0,8.05,2.2027647577118348,1,1
39,0,3,female,18.0,2,0,18.0,S,Miss,Teen,0,Unknown,0,18.0,2.9444389791664403,3,0
40,1,3,female,14.0,1,0,11.2417,C,Miss,Teen,0,Unknown,0,11.2417,2.5048481563289,2,0
41,0,3,female,40.0,1,0,9.475,S,Mrs,Adult,0,Unknown,0,9.475,2.348991465808201,2,0
42,0,2,female,27.0,1,0,21.0,S,Mrs,Young Adult,0,Unknown,0,21.0,3.091042453358316,2,0
43,0,3,male,26.0,0,0,7.8958,C,Mr,Young Adult,0,Unknown,0,7.8958,2.1855792552411137,1,1
44,1,2,female,3.0,1,2,41.5792,C,Miss,Child,0,Unknown,0,41.5792,3.7513658711253766,4,0
45,1,3,female,19.0,0,0,7.8792,Q,Miss,Young Adult,0,Unknown,0,7.8792,2.1837114628556327,1,1
46,0,3,male,26.0,0,0,8.05,S,Mr,Young Adult,0,Unknown,0,8.05,2.2027647577118348,1,1
47,0,3,male,26.0,1,0,15.5,Q,Mr,Young Adult,0,Unknown,0,15.5,2.803360380906535,2,0
48,1,3,female,18.0,0,0,7.75,Q,Miss,Teen,0,Unknown,0,7.75,2.169053700369523,1,1
49,0,3,male,26.0,2,0,21.6792,C,Mr,Young Adult,0,Unknown,0,21.6792,3.1214482048688246,3,0
50,0,3,female,18.0,1,0,17.8,S,Mrs,Teen,0,Unknown,0,17.8,2.9338568698359038,2,0
51,0,3,male,7.0,4,1,39.6875,S,Master,Child,0,Unknown,0,39.6875,3.705920919968788,6,0
52,0,3,male,21.0,0,0,7.8,S,Mr,Young Adult,0,Unknown,0,7.8,2.174751721484161,1,1
53,1,1,female,49.0,1,0,76.7292,C,Mrs,Adult,1,D,0,65.6344,4.353230991152628,2,0
54,1,2,female,29.0,1,0,26.0,S,Mrs,Young Adult,0,Unknown,0,26.0,3.295836866004329,2,0
55,0,1,male,65.0,0,1,61.9792,C,Mr,Senior,1,B,0,61.9792,4.142804513146981,2,0
56,1,1,male,40.0,0,0,35.5,S,Mr,Adult,1,C,0,35.5,3.597312260588446,1,1
57,1,2,female,21.0,0,0,10.5,S,Miss,Young Adult,0,Unknown,0,10.5,2.4423470353692043,1,1
58,0,3,male,28.5,0,0,7.2292,C,Mr,Young Adult,0,Unknown,0,7.2292,2.1076888046179385,1,1
59,1,2,female,5.0,1,2,27.75,S,Miss,Child,0,Unknown,0,27.75,3.3586377672433594,4,0
60,0,3,male,11.0,5,2,46.9,S,Master,Child,0,Unknown,0,46.9,3.8691155044168695,8,0
61,0,3,male,22.0,0,0,7.2292,C,Mr,Young Adult,0,Unknown,0,7.2292,2.1076888046179385,1,1
62,1,1,female,38.0,0,0,80.0,S,Miss,Adult,1,B,0,65.6344,4.394449154672439,1,1
63,0,1,male,45.0,1,0,83.475,S,Mr,Adult,1,C,0,65.6344,4.436455632600354,2,0
64,0,3,male,4.0,3,2,27.9,S,Master,Child,0,Unknown,0,27.9,3.3638415951183864,6,0
65,0,1,male,40.0,0,0,27.7208,C,Mr,Adult,0,Unknown,0,27.7208,3.357621598945279,1,1
66,1,3,male,4.0,1,1,15.2458,C,Master,Child,0,Unknown,0,15.2458,2.7878344138303452,3,0
67,1,2,female,29.0,0,0,10.5,S,Mrs,Young Adult,1,F,0,10.5,2.4423470353692043,1,1
68,0,3,male,19.0,0,0,8.1583,S,Mr,Young Adult,0,Unknown,0,8.1583,2.2146605719425225,1,1
69,1,3,female,17.0,4,2,7.925,S,Miss,Teen,0,Unknown,0,7.925,2.188856327665703,7,0
70,0,3,male,26.0,2,0,8.6625,S,Mr,Young Adult,0,Unknown,0,8.6625,2.2682524139135403,3,0
71,0,2,male,32.0,0,0,10.5,S,Mr,Young Adult,0,Unknown,0,10.5,2.4423470353692043,1,1
72,0,3,female,16.0,5,2,46.9,S,Miss,Teen,0,Unknown,0,46.9,3.8691155044168695,8,0
73,0,2,male,21.0,0,0,73.5,S,Mr,Young Adult,0,Unknown,0,65.6344,4.310799125385514,1,1
74,0,3,male,26.0,1,0,14.4542,C,Mr,Young Adult,0,Unknown,0,14.4542,2.737880811060884,2,0
75,1,3,male,32.0,0,0,56.4958,S,Mr,Young Adult,0,Unknown,0,56.4958,4.05171190165724,1,1
76,0,3,male,25.0,0,0,7.65,S,Mr,Young Adult,1,F,0,7.65,2.157559320943788,1,1
77,0,3,male,26.0,0,0,7.8958,S,Mr,Young Adult,0,Unknown,0,7.8958,2.1855792552411137,1,1
78,0,3,male,26.0,0,0,8.05,S,Mr,Young Adult,0,Unknown,0,8.05,2.2027647577118348,1,1
79,1,2,male,0.83,0,2,29.0,S,Master,Child,0,Unknown,0,29.0,3.4011973816621555,3,0
80,1,3,female,30.0,0,0,12.475,S,Miss,Young Adult,0,Unknown,0,12.475,2.600836116795061,1,1
81,0,3,male,22.0,0,0,9.0,S,Mr,Young Adult,0,Unknown,0,9.0,2.302585092994046,1,1
82,1,3,male,29.0,0,0,9.5,S,Mr,Young Adult,0,Unknown,0,9.5,2.3513752571634776,1,1
83,1,3,female,18.0,0,0,7.7875,Q,Miss,Teen,0,Unknown,0,7.7875,2.1733302571367834,1,1
84,0,1,male,28.0,0,0,47.1,S,Mr,Young Adult,0,Unknown,0,47.1,3.8732821771117156,1,1
85,1,2,female,17.0,0,0,10.5,S,Miss,Teen,0,Unknown,0,10.5,2.4423470353692043,1,1
86,1,3,female,33.0,3,0,15.85,S,Mrs,Young Adult,0,Unknown,0,15.85,2.8243506567983707,4,0
87,0,3,male,16.0,1,3,34.375,S,Mr,Teen,0,Unknown,0,34.375,3.5660053559634015,5,0
88,0,3,male,26.0,0,0,8.05,S,Mr,Young Adult,0,Unknown,0,8.05,2.2027647577118348,1,1
89,1,1,female,23.0,3,2,263.0,S,Miss,Young Adult,1,C,0,65.6344,5.575949103146316,6,0
90,0,3,male,24.0,0,0,8.05,S,Mr,Young Adult,0,Unknown,0,8.05,2.2027647577118348,1,1
91,0,3,male,29.0,0,0,8.05,S,Mr,Young Adult,0,Unknown,0,8.05,2.2027647577118348,1,1
92,0,3,male,20.0,0,0,7.8542,S,Mr,Young Adult,0,Unknown,0,7.8542,2.180891922715322,1,1
93,0,1,male,46.0,1,0,61.175,S,Mr,Adult,1,E,0,61.175,4.1299529896894684,2,0
94,0,3,male,26.0,1,2,20.575,S,Mr,Young Adult,0,Unknown,0,20.575,3.0715352369694915,4,0
95,0,3,male,59.0,0,0,7.25,S,Mr,Adult,0,Unknown,0,7.25,2.1102132003465894,1,1
96,0,3,male,26.0,0,0,8.05,S,Mr,Young Adult,0,Unknown,0,8.05,2.2027647577118348,1,1
97,0,1,male,71.0,0,0,34.6542,C,Mr,Senior,1,A,0,34.6542,3.57386695198272,1,1
98,1,1,male,23.0,0,1,63.3583,C,Mr,Young Adult,1,D,0,63.3583,4.164465907853638,2,0
99,1,2,female,34.0,0,1,23.0,S,Mrs,Young Adult,0,Unknown,0,23.0,3.1780538303479458,2,0
100,0,2,male,34.0,1,0,26.0,S,Mr,Young Adult,0,Unknown,0,26.0,3.295836866004329,2,0
101,0,3,female,28.0,0,0,7.8958,S,Miss,Young Adult,0,Unknown,0,7.8958,2.1855792552411137,1,1
102,0,3,male,26.0,0,0,7.8958,S,Mr,Young Adult,0,Unknown,0,7.8958,2.1855792552411137,1,1
103,0,1,male,21.0,0,1,77.2875,S,Mr,Young Adult,1,D,0,65.6344,4.360387947851531,2,0
104,0,3,male,33.0,0,0,8.6542,S,Mr,Young Adult,0,Unknown,0,8.6542,2.267393053825037,1,1
105,0,3,male,37.0,2,0,7.925,S,Mr,Adult,0,Unknown,0,7.925,2.188856327665703,3,0
106,0,3,male,28.0,0,0,7.8958,S,Mr,Young Adult,0,Unknown,0,7.8958,2.1855792552411137,1,1
107,1,3,female,21.0,0,0,7.65,S,Miss,Young Adult,0,Unknown,0,7.65,2.157559320943788,1,1
108,1,3,male,26.0,0,0,7.775,S,Mr,Young Adult,0,Unknown,0,7.775,2.1719067693519296,1,1
109,0,3,male,38.0,0,0,7.8958,S,Mr,Adult,0,Unknown,0,7.8958,2.1855792552411137,1,1
110,1,3,female,18.0,1,0,24.15,Q,Miss,Teen,0,Unknown,0,24.15,3.224857896545748,2,0
111,0,1,male,47.0,0,0,52.0,S,Mr,Adult,1,C,0,52.0,3.970291913552122,1,1
112,0,3,female,14.5,1,0,14.4542,C,Miss,Teen,0,Unknown,0,14.4542,2.737880811060884,2,0
113,0,3,male,22.0,0,0,8.05,S,Mr,Young Adult,0,Unknown,0,8.05,2.2027647577118348,1,1
114,0,3,female,20.0,1,0,9.825,S,Miss,Young Adult,0,Unknown,0,9.825,2.3818582738885534,2,0
115,0,3,female,17.0,0,0,14.4583,C,Miss,Teen,0,Unknown,0,14.4583,2.738146075922933,1,1
116,0,3,male,21.0,0,0,7.925,S,Mr,Young Adult,0,Unknown,0,7.925,2.188856327665703,1,1
117,0,3,male,70.5,0,0,7.75,Q,Mr,Senior,0,Unknown,0,7.75,2.169053700369523,1,1
118,0,2,male,29.0,1,0,21.0,S,Mr,Young Adult,0,Unknown,0,21.0,3.091042453358316,2,0
119,0,1,male,24.0,0,1,247.5208,C,Mr,Young Adult,1,B,0,65.6344,5.515526544247129,2,0
120,0,3,female,2.0,4,2,31.275,S,Miss,Child,0,Unknown,0,31.275,3.4742929367327062,7,0
121,0,2,male,21.0,2,0,73.5,S,Mr,Young Adult,0,Unknown,0,65.6344,4.310799125385514,3,0
122,0,3,male,26.0,0,0,8.05,S,Mr,Young Adult,0,Unknown,0,8.05,2.2027647577118348,1,1
123,0,2,male,32.5,1,0,30.0708,C,Mr,Young Adult,0,Unknown,0,30.0708,3.436268471383741,2,0
124,1,2,female,32.5,0,0,13.0,S,Miss,Young Adult,1,E,0,13.0,2.6390573296152584,1,1
125,0,1,male,54.0,0,1,77.2875,S,Mr,Adult,1,D,0,65.6344,4.360387947851531,2,0
126,1,3,male,12.0,1,0,11.2417,C,Master,Child,0,Unknown,0,11.2417,2.5048481563289,2,0
127,0,3,male,26.0,0,0,7.75,Q,Mr,Young Adult,0,Unknown,0,7.75,2.169053700369523,1,1
128,1,3,male,24.0,0,0,7.1417,S,Mr,Young Adult,0,Unknown,0,7.1417,2.0969990034181696,1,1
129,1,3,female,18.0,1,1,22.3583,C,Miss,Teen,1,F,0,22.3583,3.1509523813392697,3,0
130,0,3,male,45.0,0,0,6.975,S,Mr,Adult,0,Unknown,0,6.975,2.076311648670908,1,1
131,0,3,male,33.0,0,0,7.8958,C,Mr,Young Adult,0,Unknown,0,7.8958,2.1855792552411137,1,1
132,0,3,male,20.0,0,0,7.05,S,Mr,Young Adult,0,Unknown,0,7.05,2.0856720914304723,1,1
133,0,3,female,47.0,1,0,14.5,S,Mrs,Adult,0,Unknown,0,14.5,2.740840023925201,2,0
134,1,2,female,29.0,1,0,26.0,S,Mrs,Young Adult,0,Unknown,0,26.0,3.295836866004329,2,0
135,0,2,male,25.0,0,0,13.0,S,Mr,Young Adult,0,Unknown,0,13.0,2.6390573296152584,1,1
136,0,2,male,23.0,0,0,15.0458,C,Mr,Young Adult,0,Unknown,0,15.0458,2.775447133088262,1,1
137,1,1,female,19.0,0,2,26.2833,S,Miss,Young Adult,1,D,0,26.2833,3.3062747934011893,3,0
138,0,1,male,37.0,1,0,53.1,S,Mr,Adult,1,C,0,53.1,3.9908341858524357,2,0
139,0,3,male,16.0,0,0,9.2167,S,Mr,Teen,0,Unknown,0,9.2167,2.3240236363515288,1,1
140,0,1,male,24.0,0,0,79.2,C,Mr,Young Adult,1,B,0,65.6344,4.384523514872469,1,1
141,0,3,female,31.0,0,2,15.2458,C,Mrs,Young Adult,0,Unknown,0,15.2458,2.7878344138303452,3,0
142,1,3,female,22.0,0,0,7.75,S,Miss,Young Adult,0,Unknown,0,7.75,2.169053700369523,1,1
143,1,3,female,24.0,1,0,15.85,S,Mrs,Young Adult,0,Unknown,0,15.85,2.8243506567983707,2,0
144,0,3,male,19.0,0,0,6.75,Q,Mr,Young Adult,0,Unknown,0,6.75,2.0476928433652555,1,1
145,0,2,male,18.0,0,0,11.5,S,Mr,Teen,0,Unknown,0,11.5,2.5257286443082556,1,1
146,0,2,male,19.0,1,1,36.75,S,Mr,Young Adult,0,Unknown,0,36.75,3.6309854756950335,3,0
147,1,3,male,27.0,0,0,7.7958,S,Mr,Young Adult,0,Unknown,0,7.7958,2.174274334826008,1,1
148,0,3,female,9.0,2,2,34.375,S,Miss,Child,0,Unknown,0,34.375,3.5660053559634015,5,0
149,0,2,male,36.5,0,2,26.0,S,Mr,Adult,1,F,0,26.0,3.295836866004329,3,0
150,0,2,male,42.0,0,0,13.0,S,Rare,Adult,0,Unknown,0,13.0,2.6390573296152584,1,1
151,0,2,male,51.0,0,0,12.525,S,Rare,Adult,0,Unknown,0,12.525,2.6045398247325453,1,1
152,1,1,female,22.0,1,0,66.6,S,Mrs,Young Adult,1,C,0,65.6344,4.213607983048918,2,0
153,0,3,male,55.5,0,0,8.05,S,Mr,Adult,0,Unknown,0,8.05,2.2027647577118348,1,1
154,0,3,male,40.5,0,2,14.5,S,Mr,Adult,0,Unknown,0,14.5,2.740840023925201,3,0
155,0,3,male,26.0,0,0,7.3125,S,Mr,Young Adult,0,Unknown,0,7.3125,2.1177604059819726,1,1
156,0,1,male,51.0,0,1,61.3792,C,Mr,Adult,0,Unknown,0,61.3792,4.133231886474144,2,0
157,1,3,female,16.0,0,0,7.7333,Q,Miss,Teen,0,Unknown,0,7.7333,2.167143305297764,1,1
158,0,3,male,30.0,0,0,8.05,S,Mr,Young Adult,0,Unknown,0,8.05,2.2027647577118348,1,1
159,0,3,male,26.0,0,0,8.6625,S,Mr,Young Adult,0,Unknown,0,8.6625,2.2682524139135403,1,1
160,0,3,male,4.0,8,2,69.55,S,Master,Child,0,Unknown,0,65.6344,4.256321678298823,11,0
161,0,3,male,44.0,0,1,16.1,S,Mr,Adult,0,Unknown,0,16.1,2.8390784635086144,2,0
162,1,2,female,40.0,0,0,15.75,S,Mrs,Adult,0,Unknown,0,15.75,2.8183982582710754,1,1
163,0,3,male,26.0,0,0,7.775,S,Mr,Young Adult,0,Unknown,0,7.775,2.1719067693519296,1,1
164,0,3,male,17.0,0,0,8.6625,S,Mr,Teen,0,Unknown,0,8.6625,2.2682524139135403,1,1
165,0,3,male,1.0,4,1,39.6875,S,Master,Child,0,Unknown,0,39.6875,3.705920919968788,6,0
166,1,3,male,9.0,0,2,20.525,S,Master,Child,0,Unknown,0,20.525,3.0692150503137943,3,0
167,1,1,female,40.0,0,1,55.0,S,Mrs,Adult,1,E,0,55.0,4.02535169073515,2,0
168,0,3,female,45.0,1,4,27.9,S,Mrs,Adult,0,Unknown,0,27.9,3.3638415951183864,6,0
169,0,1,male,40.0,0,0,25.925,S,Mr,Adult,0,Unknown,0,25.925,3.2930552230424524,1,1
170,0,3,male,28.0,0,0,56.4958,S,Mr,Young Adult,0,Unknown,0,56.4958,4.05171190165724,1,1
171,0,1,male,61.0,0,0,33.5,S,Mr,Senior,1,B,0,33.5,3.5409593240373143,1,1
172,0,3,male,4.0,4,1,29.125,Q,Master,Child,0,Unknown,0,29.125,3.405355391810819,6,0
173,1,3,female,1.0,1,1,11.1333,S,Miss,Child,0,Unknown,0,11.1333,2.495953738718064,3,0
174,0,3,male,21.0,0,0,7.925,S,Mr,Young Adult,0,Unknown,0,7.925,2.188856327665703,1,1
175,0,1,male,56.0,0,0,30.6958,C,Mr,Adult,1,A,0,30.6958,3.4561841799918147,1,1
176,0,3,male,18.0,1,1,7.8542,S,Mr,Teen,0,Unknown,0,7.8542,2.180891922715322,3,0
177,0,3,male,4.0,3,1,25.4667,S,Master,Child,0,Unknown,0,25.4667,3.275887339030031,5,0
178,0,1,female,50.0,0,0,28.7125,C,Miss,Adult,1,C,0,28.7125,3.391567832686312,1,1
179,0,2,male,30.0,0,0,13.0,S,Mr,Young Adult,0,Unknown,0,13.0,2.6390573296152584,1,1
180,0,3,male,36.0,0,0,0.0,S,Mr,Adult,0,Unknown,1,0.0,0.0,1,1
181,0,3,female,18.0,8,2,69.55,S,Miss,Teen,0,Unknown,0,65.6344,4.256321678298823,11,0
182,0,2,male,31.0,0,0,15.05,C,Mr,Young Adult,0,Unknown,0,15.05,2.775708849576025,1,1
183,0,3,male,9.0,4,2,31.3875,S,Master,Child,0,Unknown,0,31.3875,3.4777725458882283,7,0
184,1,2,male,1.0,2,1,39.0,S,Master,Child,1,F,0,39.0,3.6888794541139363,4,0
185,1,3,female,4.0,0,2,22.025,S,Miss,Child,0,Unknown,0,22.025,3.1365805821413706,3,0
186,0,1,male,40.0,0,0,50.0,S,Mr,Adult,1,A,0,50.0,3.9318256327243257,1,1
187,1,3,female,31.0,1,0,15.5,Q,Mrs,Young Adult,0,Unknown,0,15.5,2.803360380906535,2,0
188,1,1,male,45.0,0,0,26.55,S,Mr,Adult,0,Unknown,0,26.55,3.3160025355989236,1,1
189,0,3,male,40.0,1,1,15.5,Q,Mr,Adult,0,Unknown,0,15.5,2.803360380906535,3,0
190,0,3,male,36.0,0,0,7.8958,S,Mr,Adult,0,Unknown,0,7.8958,2.1855792552411137,1,1
191,1,2,female,32.0,0,0,13.0,S,Mrs,Young Adult,0,Unknown,0,13.0,2.6390573296152584,1,1
192,0,2,male,19.0,0,0,13.0,S,Mr,Young Adult,0,Unknown,0,13.0,2.6390573296152584,1,1
193,1,3,female,19.0,1,0,7.8542,S,Miss,Young Adult,0,Unknown,0,7.8542,2.180891922715322,2,0
194,1,2,male,3.0,1,1,26.0,S,Master,Child,1,F,0,26.0,3.295836866004329,3,0
195,1,1,female,44.0,0,0,27.7208,C,Mrs,Adult,1,B,0,27.7208,3.357621598945279,1,1
196,1,1,female,58.0,0,0,146.5208,C,Miss,Adult,1,B,0,65.6344,4.993969182787072,1,1
197,0,3,male,26.0,0,0,7.75,Q,Mr,Young Adult,0,Unknown,0,7.75,2.169053700369523,1,1
198,0,3,male,42.0,0,1,8.4042,S,Mr,Adult,0,Unknown,0,8.4042,2.2411563979973974,2,0
199,1,3,female,18.0,0,0,7.75,Q,Miss,Teen,0,Unknown,0,7.75,2.169053700369523,1,1
200,0,2,female,24.0,0,0,13.0,S,Miss,Young Adult,0,Unknown,0,13.0,2.6390573296152584,1,1
201,0,3,male,28.0,0,0,9.5,S,Mr,Young Adult,0,Unknown,0,9.5,2.3513752571634776,1,1
202,0,3,male,26.0,8,2,69.55,S,Mr,Young Adult,0,Unknown,0,65.6344,4.256321678298823,11,0
203,0,3,male,34.0,0,0,6.4958,S,Mr,Young Adult,0,Unknown,0,6.4958,2.0143428636837015,1,1
204,0,3,male,45.5,0,0,7.225,C,Mr,Adult,0,Unknown,0,7.225,2.1071782966514356,1,1
205,1,3,male,18.0,0,0,8.05,S,Mr,Teen,0,Unknown,0,8.05,2.2027647577118348,1,1
206,0,3,female,2.0,0,1,10.4625,S,Miss,Child,1,G,0,10.4625,2.4390808375825834,2,0
207,0,3,male,32.0,1,0,15.85,S,Mr,Young Adult,0,Unknown,0,15.85,2.8243506567983707,2,0
208,1,3,male,26.0,0,0,18.7875,C,Mr,Young Adult,0,Unknown,0,18.7875,2.9850504252071306,1,1
209,1,3,female,16.0,0,0,7.75,Q,Miss,Teen,0,Unknown,0,7.75,2.169053700369523,1,1
210,1,1,male,40.0,0,0,31.0,C,Mr,Adult,1,A,0,31.0,3.4657359027997265,1,1
211,0,3,male,24.0,0,0,7.05,S,Mr,Young Adult,0,Unknown,0,7.05,2.0856720914304723,1,1
212,1,2,female,35.0,0,0,21.0,S,Miss,Young Adult,0,Unknown,0,21.0,3.091042453358316,1,1
213,0,3,male,22.0,0,0,7.25,S,Mr,Young Adult,0,Unknown,0,7.25,2.1102132003465894,1,1
214,0,2,male,30.0,0,0,13.0,S,Mr,Young Adult,0,Unknown,0,13.0,2.6390573296152584,1,1
215,0,3,male,26.0,1,0,7.75,Q,Mr,Young Adult,0,Unknown,0,7.75,2.169053700369523,2,0
216,1,1,female,31.0,1,0,113.275,C,Miss,Young Adult,1,D,0,65.6344,4.738607824217808,2,0
217,1,3,female,27.0,0,0,7.925,S,Miss,Young Adult,0,Unknown,0,7.925,2.188856327665703,1,1
218,0,2,male,42.0,1,0,27.0,S,Mr,Adult,0,Unknown,0,27.0,3.332204510175204,2,0
219,1,1,female,32.0,0,0,76.2917,C,Miss,Young Adult,1,D,0,65.6344,4.347586575960343,1,1
220,0,2,male,30.0,0,0,10.5,S,Mr,Young Adult,0,Unknown,0,10.5,2.4423470353692043,1,1
221,1,3,male,16.0,0,0,8.05,S,Mr,Teen,0,Unknown,0,8.05,2.2027647577118348,1,1
222,0,2,male,27.0,0,0,13.0,S,Mr,Young Adult,0,Unknown,0,13.0,2.6390573296152584,1,1
223,0,3,male,51.0,0,0,8.05,S,Mr,Adult,0,Unknown,0,8.05,2.2027647577118348,1,1
224,0,3,male,26.0,0,0,7.8958,S,Mr,Young Adult,0,Unknown,0,7.8958,2.1855792552411137,1,1
225,1,1,male,38.0,1,0,90.0,S,Mr,Adult,1,C,0,65.6344,4.51085950651685,2,0
226,0,3,male,22.0,0,0,9.35,S,Mr,Young Adult,0,Unknown,0,9.35,2.336986519711378,1,1
227,1,2,male,19.0,0,0,10.5,S,Mr,Young Adult,0,Unknown,0,10.5,2.4423470353692043,1,1
228,0,3,male,20.5,0,0,7.25,S,Mr,Young Adult,0,Unknown,0,7.25,2.1102132003465894,1,1
229,0,2,male,18.0,0,0,13.0,S,Mr,Teen,0,Unknown,0,13.0,2.6390573296152584,1,1
230,0,3,female,18.0,3,1,25.4667,S,Miss,Teen,0,Unknown,0,25.4667,3.275887339030031,5,0
231,1,1,female,35.0,1,0,83.475,S,Mrs,Young Adult,1,C,0,65.6344,4.436455632600354,2,0
232,0,3,male,29.0,0,0,7.775,S,Mr,Young Adult,0,Unknown,0,7.775,2.1719067693519296,1,1
233,0,2,male,59.0,0,0,13.5,S,Mr,Adult,0,Unknown,0,13.5,2.6741486494265287,1,1
234,1,3,female,5.0,4,2,31.3875,S,Miss,Child,0,Unknown,0,31.3875,3.4777725458882283,7,0
235,0,2,male,24.0,0,0,10.5,S,Mr,Young Adult,0,Unknown,0,10.5,2.4423470353692043,1,1
236,0,3,female,18.0,0,0,7.55,S,Miss,Teen,0,Unknown,0,7.55,2.145931282948669,1,1
237,0,2,male,44.0,1,0,26.0,S,Mr,Adult,0,Unknown,0,26.0,3.295836866004329,2,0
238,1,2,female,8.0,0,2,26.25,S,Miss,Child,0,Unknown,0,26.25,3.305053521109253,3,0
239,0,2,male,19.0,0,0,10.5,S,Mr,Young Adult,0,Unknown,0,10.5,2.4423470353692043,1,1
240,0,2,male,33.0,0,0,12.275,S,Mr,Young Adult,0,Unknown,0,12.275,2.5858825671280026,1,1
241,0,3,female,18.0,1,0,14.4542,C,Miss,Teen,0,Unknown,0,14.4542,2.737880811060884,2,0
242,1,3,female,18.0,1,0,15.5,Q,Miss,Teen,0,Unknown,0,15.5,2.803360380906535,2,0
243,0,2,male,29.0,0,0,10.5,S,Mr,Young Adult,0,Unknown,0,10.5,2.4423470353692043,1,1
244,0,3,male,22.0,0,0,7.125,S,Mr,Young Adult,0,Unknown,0,7.125,2.094945728215801,1,1
245,0,3,male,30.0,0,0,7.225,C,Mr,Young Adult,0,Unknown,0,7.225,2.1071782966514356,1,1
246,0,1,male,44.0,2,0,90.0,Q,Rare,Adult,1,C,0,65.6344,4.51085950651685,3,0
247,0,3,female,25.0,0,0,7.775,S,Miss,Young Adult,0,Unknown,0,7.775,2.1719067693519296,1,1
248,1,2,female,24.0,0,2,14.5,S,Mrs,Young Adult,0,Unknown,0,14.5,2.740840023925201,3,0
249,1,1,male,37.0,1,1,52.5542,S,Mr,Adult,1,D,0,52.5542,3.9806942251907276,3,0
250,0,2,male,54.0,1,0,26.0,S,Rare,Adult,0,Unknown,0,26.0,3.295836866004329,2,0
251,0,3,male,26.0,0,0,7.25,S,Mr,Young Adult,0,Unknown,0,7.25,2.1102132003465894,1,1
252,0,3,female,29.0,1,1,10.4625,S,Mrs,Young Adult,1,G,0,10.4625,2.4390808375825834,3,0
253,0,1,male,62.0,0,0,26.55,S,Mr,Senior,1,C,0,26.55,3.3160025355989236,1,1
254,0,3,male,30.0,1,0,16.1,S,Mr,Young Adult,0,Unknown,0,16.1,2.8390784635086144,2,0
255,0,3,female,41.0,0,2,20.2125,S,Mrs,Adult,0,Unknown,0,20.2125,3.0545906305603445,3,0
256,1,3,female,29.0,0,2,15.2458,C,Mrs,Young Adult,0,Unknown,0,15.2458,2.7878344138303452,3,0
257,1,1,female,40.0,0,0,79.2,C,Mrs,Adult,0,Unknown,0,65.6344,4.384523514872469,1,1
258,1,1,female,30.0,0,0,86.5,S,Miss,Young Adult,1,B,0,65.6344,4.471638793363569,1,1
259,1,1,female,35.0,0,0,512.3292,C,Miss,Young Adult,0,Unknown,0,65.6344,6.240917354759096,1,1
260,1,2,female,50.0,0,1,26.0,S,Mrs,Adult,0,Unknown,0,26.0,3.295836866004329,2,0
261,0,3,male,26.0,0,0,7.75,Q,Mr,Young Adult,0,Unknown,0,7.75,2.169053700369523,1,1
262,1,3,male,3.0,4,2,31.3875,S,Master,Child,0,Unknown,0,31.3875,3.4777725458882283,7,0
263,0,1,male,52.0,1,1,79.65,S,Mr,Adult,1,E,0,65.6344,4.390118804571218,3,0
264,0,1,male,40.0,0,0,0.0,S,Mr,Adult,1,B,1,0.0,0.0,1,1
265,0,3,female,18.0,0,0,7.75,Q,Miss,Teen,0,Unknown,0,7.75,2.169053700369523,1,1
266,0,2,male,36.0,0,0,10.5,S,Mr,Adult,0,Unknown,0,10.5,2.4423470353692043,1,1
267,0,3,male,16.0,4,1,39.6875,S,Mr,Teen,0,Unknown,0,39.6875,3.705920919968788,6,0
268,1,3,male,25.0,1,0,7.775,S,Mr,Young Adult,0,Unknown,0,7.775,2.1719067693519296,2,0
269,1,1,female,58.0,0,1,153.4625,S,Mrs,Adult,1,C,0,65.6344,5.039951348430309,2,0
270,1,1,female,35.0,0,0,135.6333,S,Miss,Young Adult,1,C,0,65.6344,4.91730069488021,1,1
271,0,1,male,40.0,0,0,31.0,S,Mr,Adult,0,Unknown,0,31.0,3.4657359027997265,1,1
272,1,3,male,25.0,0,0,0.0,S,Mr,Young Adult,0,Unknown,1,0.0,0.0,1,1
273,1,2,female,41.0,0,1,19.5,S,Mrs,Adult,0,Unknown,0,19.5,3.0204248861443626,2,0
274,0,1,male,37.0,0,1,29.7,C,Mr,Adult,1,C,0,29.7,3.4242626545931514,2,0
275,1,3,female,18.0,0,0,7.75,Q,Miss,Teen,0,Unknown,0,7.75,2.169053700369523,1,1
276,1,1,female,63.0,1,0,77.9583,S,Miss,Senior,1,D,0,65.6344,4.368919865004903,2,0
277,0,3,female,45.0,0,0,7.75,S,Miss,Adult,0,Unknown,0,7.75,2.169053700369523,1,1
278,0,2,male,31.0,0,0,0.0,S,Mr,Young Adult,0,Unknown,1,0.0,0.0,1,1
279,0,3,male,7.0,4,1,29.125,Q,Master,Child,0,Unknown,0,29.125,3.405355391810819,6,0
280,1,3,female,35.0,1,1,20.25,S,Mrs,Young Adult,0,Unknown,0,20.25,3.056356895370426,3,0
281,0,3,male,65.0,0,0,7.75,Q,Mr,Senior,0,Unknown,0,7.75,2.169053700369523,1,1
282,0,3,male,28.0,0,0,7.8542,S,Mr,Young Adult,0,Unknown,0,7.8542,2.180891922715322,1,1
283,0,3,male,16.0,0,0,9.5,S,Mr,Teen,0,Unknown,0,9.5,2.3513752571634776,1,1
284,1,3,male,19.0,0,0,8.05,S,Mr,Young Adult,0,Unknown,0,8.05,2.2027647577118348,1,1
285,0,1,male,40.0,0,0,26.0,S,Mr,Adult,1,A,0,26.0,3.295836866004329,1,1
286,0,3,male,33.0,0,0,8.6625,C,Mr,Young Adult,0,Unknown,0,8.6625,2.2682524139135403,1,1
287,1,3,male,30.0,0,0,9.5,S,Mr,Young Adult,0,Unknown,0,9.5,2.3513752571634776,1,1
288,0,3,male,22.0,0,0,7.8958,S,Mr,Young Adult,0,Unknown,0,7.8958,2.1855792552411137,1,1
289,1,2,male,42.0,0,0,13.0,S,Mr,Adult,0,Unknown,0,13.0,2.6390573296152584,1,1
290,1,3,female,22.0,0,0,7.75,Q,Miss,Young Adult,0,Unknown,0,7.75,2.169053700369523,1,1
291,1,1,female,26.0,0,0,78.85,S,Miss,Young Adult,0,Unknown,0,65.6344,4.380149874661021,1,1
292,1,1,female,19.0,1,0,91.0792,C,Mrs,Young Adult,1,B,0,65.6344,4.5226490762785785,2,0
293,0,2,male,36.0,0,0,12.875,C,Mr,Adult,1,D,0,12.875,2.630088659632498,1,1
294,0,3,female,24.0,0,0,8.85,S,Miss,Young Adult,0,Unknown,0,8.85,2.2874714551839976,1,1
295,0,3,male,24.0,0,0,7.8958,S,Mr,Young Adult,0,Unknown,0,7.8958,2.1855792552411137,1,1
296,0,1,male,40.0,0,0,27.7208,C,Mr,Adult,0,Unknown,0,27.7208,3.357621598945279,1,1
297,0,3,male,23.5,0,0,7.2292,C,Mr,Young Adult,0,Unknown,0,7.2292,2.1076888046179385,1,1
298,0,1,female,2.0,1,2,151.55,S,Miss,Child,1,C,0,65.6344,5.027492411162679,4,0
299,1,1,male,40.0,0,0,30.5,S,Mr,Adult,1,C,0,30.5,3.449987545831587,1,1
300,1,1,female,50.0,0,1,247.5208,C,Mrs,Adult,1,B,0,65.6344,5.515526544247129,2,0
301,1,3,female,18.0,0,0,7.75,Q,Miss,Teen,0,Unknown,0,7.75,2.169053700369523,1,1
302,1,3,male,26.0,2,0,23.25,Q,Mr,Young Adult,0,Unknown,0,23.25,3.188416617383492,3,0
303,0,3,male,19.0,0,0,0.0,S,Mr,Young Adult,0,Unknown,1,0.0,0.0,1,1
304,1,2,female,24.0,0,0,12.35,Q,Miss,Young Adult,1,E,0,12.35,2.5915163848462583,1,1
305,0,3,male,26.0,0,0,8.05,S,Mr,Young Adult,0,Unknown,0,8.05,2.2027647577118348,1,1
306,1,1,male,0.92,1,2,151.55,S,Master,Child,1,C,0,65.6344,5.027492411162679,4,0
307,1,1,female,30.0,0,0,110.8833,C,Miss,Young Adult,0,Unknown,0,65.6344,4.717456363787216,1,1
308,1,1,female,17.0,1,0,108.9,C,Mrs,Teen,1,C,0,65.6344,4.699570861409576,2,0
309,0,2,male,30.0,1,0,24.0,C,Mr,Young Adult,0,Unknown,0,24.0,3.2188758248682006,2,0
310,1,1,female,30.0,0,0,56.9292,C,Miss,Young Adult,1,E,0,56.9292,4.0592215752427645,1,1
311,1,1,female,24.0,0,0,83.1583,C,Miss,Young Adult,1,C,0,65.6344,4.432699549165613,1,1
312,1,1,female,18.0,2,2,262.375,C,Miss,Teen,1,B,0,65.6344,5.5735788721243535,5,0
313,0,2,female,26.0,1,1,26.0,S,Mrs,Young Adult,0,Unknown,0,26.0,3.295836866004329,3,0
314,0,3,male,28.0,0,0,7.8958,S,Mr,Young Adult,0,Unknown,0,7.8958,2.1855792552411137,1,1
315,0,2,male,43.0,1,1,26.25,S,Mr,Adult,0,Unknown,0,26.25,3.305053521109253,3,0
316,1,3,female,26.0,0,0,7.8542,S,Miss,Young Adult,0,Unknown,0,7.8542,2.180891922715322,1,1
317,1,2,female,24.0,1,0,26.0,S,Mrs,Young Adult,0,Unknown,0,26.0,3.295836866004329,2,0
318,0,2,male,54.0,0,0,14.0,S,Rare,Adult,0,Unknown,0,14.0,2.70805020110221,1,1
319,1,1,female,31.0,0,2,164.8667,S,Miss,Young Adult,1,C,0,65.6344,5.11118445372147,3,0
320,1,1,female,40.0,1,1,134.5,C,Mrs,Adult,1,E,0,65.6344,4.908971640319756,3,0
321,0,3,male,22.0,0,0,7.25,S,Mr,Young Adult,0,Unknown,0,7.25,2.1102132003465894,1,1
322,0,3,male,27.0,0,0,7.8958,S,Mr,Young Adult,0,Unknown,0,7.8958,2.1855792552411137,1,1
323,1,2,female,30.0,0,0,12.35,Q,Miss,Young Adult,0,Unknown,0,12.35,2.5915163848462583,1,1
324,1,2,female,22.0,1,1,29.0,S,Mrs,Young Adult,0,Unknown,0,29.0,3.4011973816621555,3,0
325,0,3,male,26.0,8,2,69.55,S,Mr,Young Adult,0,Unknown,0,65.6344,4.256321678298823,11,0
326,1,1,female,36.0,0,0,135.6333,C,Miss,Adult,1,C,0,65.6344,4.91730069488021,1,1
327,0,3,male,61.0,0,0,6.2375,S,Mr,Senior,0,Unknown,0,6.2375,1.9792758428991135,1,1
328,1,2,female,36.0,0,0,13.0,S,Mrs,Adult,1,D,0,13.0,2.6390573296152584,1,1
329,1,3,female,31.0,1,1,20.525,S,Mrs,Young Adult,0,Unknown,0,20.525,3.0692150503137943,3,0
330,1,1,female,16.0,0,1,57.9792,C,Miss,Teen,1,B,0,57.9792,4.077184839375167,2,0
331,1,3,female,18.0,2,0,23.25,Q,Miss,Teen,0,Unknown,0,23.25,3.188416617383492,3,0
332,0,1,male,45.5,0,0,28.5,S,Mr,Adult,1,C,0,28.5,3.3843902633457743,1,1
333,0,1,male,38.0,0,1,153.4625,S,Mr,Adult,1,C,0,65.6344,5.039951348430309,2,0
334,0,3,male,16.0,2,0,18.0,S,Mr,Teen,0,Unknown,0,18.0,2.9444389791664403,3,0
335,1,1,female,40.0,1,0,133.65,S,Mrs,Adult,0,Unknown,0,65.6344,4.902678819257608,2,0
336,0,3,male,26.0,0,0,7.8958,S,Mr,Young Adult,0,Unknown,0,7.8958,2.1855792552411137,1,1
337,0,1,male,29.0,1,0,66.6,S,Mr,Young Adult,1,C,0,65.6344,4.213607983048918,2,0
338,1,1,female,41.0,0,0,134.5,C,Miss,Adult,1,E,0,65.6344,4.908971640319756,1,1
339,1,3,male,45.0,0,0,8.05,S,Mr,Adult,0,Unknown,0,8.05,2.2027647577118348,1,1
340,0,1,male,45.0,0,0,35.5,S,Mr,Adult,1,T,0,35.5,3.597312260588446,1,1
341,1,2,male,2.0,1,1,26.0,S,Master,Child,1,F,0,26.0,3.295836866004329,3,0
342,1,1,female,24.0,3,2,263.0,S,Miss,Young Adult,1,C,0,65.6344,5.575949103146316,6,0
343,0,2,male,28.0,0,0,13.0,S,Mr,Young Adult,0,Unknown,0,13.0,2.6390573296152584,1,1
344,0,2,male,25.0,0,0,13.0,S,Mr,Young Adult,0,Unknown,0,13.0,2.6390573296152584,1,1
345,0,2,male,36.0,0,0,13.0,S,Mr,Adult,0,Unknown,0,13.0,2.6390573296152584,1,1
346,1,2,female,24.0,0,0,13.0,S,Miss,Young Adult,1,F,0,13.0,2.6390573296152584,1,1
347,1,2,female,40.0,0,0,13.0,S,Miss,Adult,0,Unknown,0,13.0,2.6390573296152584,1,1
348,1,3,female,31.0,1,0,16.1,S,Mrs,Young Adult,0,Unknown,0,16.1,2.8390784635086144,2,0
349,1,3,male,3.0,1,1,15.9,S,Master,Child,0,Unknown,0,15.9,2.8273136219290276,3,0
350,0,3,male,42.0,0,0,8.6625,S,Mr,Adult,0,Unknown,0,8.6625,2.2682524139135403,1,1
351,0,3,male,23.0,0,0,9.225,S,Mr,Young Adult,0,Unknown,0,9.225,2.3248357019288655,1,1
352,0,1,male,40.0,0,0,35.0,S,Mr,Adult,1,C,0,35.0,3.58351893845611,1,1
353,0,3,male,15.0,1,1,7.2292,C,Mr,Teen,0,Unknown,0,7.2292,2.1076888046179385,3,0
354,0,3,male,25.0,1,0,17.8,S,Mr,Young Adult,0,Unknown,0,17.8,2.9338568698359038,2,0
355,0,3,male,26.0,0,0,7.225,C,Mr,Young Adult,0,Unknown,0,7.225,2.1071782966514356,1,1
356,0,3,male,28.0,0,0,9.5,S,Mr,Young Adult,0,Unknown,0,9.5,2.3513752571634776,1,1
357,1,1,female,22.0,0,1,55.0,S,Miss,Young Adult,1,E,0,55.0,4.02535169073515,2,0
358,0,2,female,38.0,0,0,13.0,S,Miss,Adult,0,Unknown,0,13.0,2.6390573296152584,1,1
359,1,3,female,18.0,0,0,7.8792,Q,Miss,Teen,0,Unknown,0,7.8792,2.1837114628556327,1,1
360,1,3,female,18.0,0,0,7.8792,Q,Miss,Teen,0,Unknown,0,7.8792,2.1837114628556327,1,1
361,0,3,male,40.0,1,4,27.9,S,Mr,Adult,0,Unknown,0,27.9,3.3638415951183864,6,0
362,0,2,male,29.0,1,0,27.7208,C,Mr,Young Adult,0,Unknown,0,27.7208,3.357621598945279,2,0
363,0,3,female,45.0,0,1,14.4542,C,Mrs,Adult,0,Unknown,0,14.4542,2.737880811060884,2,0
364,0,3,male,35.0,0,0,7.05,S,Mr,Young Adult,0,Unknown,0,7.05,2.0856720914304723,1,1
365,0,3,male,26.0,1,0,15.5,Q,Mr,Young Adult,0,Unknown,0,15.5,2.803360380906535,2,0
366,0,3,male,30.0,0,0,7.25,S,Mr,Young Adult,0,Unknown,0,7.25,2.1102132003465894,1,1
367,1,1,female,60.0,1,0,75.25,C,Mrs,Adult,1,D,0,65.6344,4.334017415487521,2,0
368,1,3,female,31.0,0,0,7.2292,C,Mrs,Young Adult,0,Unknown,0,7.2292,2.1076888046179385,1,1
369,1,3,female,18.0,0,0,7.75,Q,Miss,Teen,0,Unknown,0,7.75,2.169053700369523,1,1
370,1,1,female,24.0,0,0,69.3,C,Mrs,Young Adult,1,B,0,65.6344,4.252771798816619,1,1
371,1,1,male,25.0,1,0,55.4417,C,Mr,Young Adult,1,E,0,55.4417,4.0332082470129285,2,0
372,0,3,male,18.0,1,0,6.4958,S,Mr,Teen,0,Unknown,0,6.4958,2.0143428636837015,2,0
373,0,3,male,19.0,0,0,8.05,S,Mr,Young Adult,0,Unknown,0,8.05,2.2027647577118348,1,1
374,0,1,male,22.0,0,0,135.6333,C,Mr,Young Adult,0,Unknown,0,65.6344,4.91730069488021,1,1
375,0,3,female,3.0,3,1,21.075,S,Miss,Child,0,Unknown,0,21.075,3.0944457464900235,5,0
376,1,1,female,40.0,1,0,82.1708,C,Mrs,Adult,0,Unknown,0,65.6344,4.420896324687287,2,0
377,1,3,female,22.0,0,0,7.25,S,Miss,Young Adult,0,Unknown,0,7.25,2.1102132003465894,1,1
378,0,1,male,27.0,0,2,211.5,C,Mr,Young Adult,1,C,0,65.6344,5.358941988364472,3,0
379,0,3,male,20.0,0,0,4.0125,C,Mr,Young Adult,0,Unknown,0,4.0125,1.6119347926326877,1,1
380,0,3,male,19.0,0,0,7.775,S,Mr,Young Adult,0,Unknown,0,7.775,2.1719067693519296,1,1
381,1,1,female,42.0,0,0,227.525,C,Miss,Adult,0,Unknown,0,65.6344,5.4316456135398825,1,1
382,1,3,female,1.0,0,2,15.7417,C,Miss,Child,0,Unknown,0,15.7417,2.817902613071225,3,0
383,0,3,male,32.0,0,0,7.925,S,Mr,Young Adult,0,Unknown,0,7.925,2.188856327665703,1,1
384,1,1,female,35.0,1,0,52.0,S,Mrs,Young Adult,0,Unknown,0,52.0,3.970291913552122,2,0
385,0,3,male,26.0,0,0,7.8958,S,Mr,Young Adult,0,Unknown,0,7.8958,2.1855792552411137,1,1
386,0,2,male,18.0,0,0,73.5,S,Mr,Teen,0,Unknown,0,65.6344,4.310799125385514,1,1
387,0,3,male,1.0,5,2,46.9,S,Master,Child,0,Unknown,0,46.9,3.8691155044168695,8,0
388,1,2,female,36.0,0,0,13.0,S,Miss,Adult,0,Unknown,0,13.0,2.6390573296152584,1,1
389,0,3,male,26.0,0,0,7.7292,Q,Mr,Young Adult,0,Unknown,0,7.7292,2.1666737276227077,1,1
390,1,2,female,17.0,0,0,12.0,C,Miss,Teen,0,Unknown,0,12.0,2.5649493574615367,1,1
391,1,1,male,36.0,1,2,120.0,S,Mr,Adult,1,B,0,65.6344,4.795790545596741,4,0
392,1,3,male,21.0,0,0,7.7958,S,Mr,Young Adult,0,Unknown,0,7.7958,2.174274334826008,1,1
393,0,3,male,28.0,2,0,7.925,S,Mr,Young Adult,0,Unknown,0,7.925,2.188856327665703,3,0
394,1,1,female,23.0,1,0,113.275,C,Miss,Young Adult,1,D,0,65.6344,4.738607824217808,2,0
395,1,3,female,24.0,0,2,16.7,S,Mrs,Young Adult,1,G,0,16.7,2.8735646395797834,3,0
396,0,3,male,22.0,0,0,7.7958,S,Mr,Young Adult,0,Unknown,0,7.7958,2.174274334826008,1,1
397,0,3,female,31.0,0,0,7.8542,S,Miss,Young Adult,0,Unknown,0,7.8542,2.180891922715322,1,1
398,0,2,male,46.0,0,0,26.0,S,Mr,Adult,0,Unknown,0,26.0,3.295836866004329,1,1
399,0,2,male,23.0,0,0,10.5,S,Rare,Young Adult,0,Unknown,0,10.5,2.4423470353692043,1,1
400,1,2,female,28.0,0,0,12.65,S,Mrs,Young Adult,0,Unknown,0,12.65,2.613739521630969,1,1
401,1,3,male,39.0,0,0,7.925,S,Mr,Adult,0,Unknown,0,7.925,2.188856327665703,1,1
402,0,3,male,26.0,0,0,8.05,S,Mr,Young Adult,0,Unknown,0,8.05,2.2027647577118348,1,1
403,0,3,female,21.0,1,0,9.825,S,Miss,Young Adult,0,Unknown,0,9.825,2.3818582738885534,2,0
404,0,3,male,28.0,1,0,15.85,S,Mr,Young Adult,0,Unknown,0,15.85,2.8243506567983707,2,0
405,0,3,female,20.0,0,0,8.6625,S,Miss,Young Adult,0,Unknown,0,8.6625,2.2682524139135403,1,1
406,0,2,male,34.0,1,0,21.0,S,Mr,Young Adult,0,Unknown,0,21.0,3.091042453358316,2,0
407,0,3,male,51.0,0,0,7.75,S,Mr,Adult,0,Unknown,0,7.75,2.169053700369523,1,1
408,1,2,male,3.0,1,1,18.75,S,Master,Child,0,Unknown,0,18.75,2.9831534913471307,3,0
409,0,3,male,21.0,0,0,7.775,S,Mr,Young Adult,0,Unknown,0,7.775,2.1719067693519296,1,1
410,0,3,female,18.0,3,1,25.4667,S,Miss,Teen,0,Unknown,0,25.4667,3.275887339030031,5,0
411,0,3,male,26.0,0,0,7.8958,S,Mr,Young Adult,0,Unknown,0,7.8958,2.1855792552411137,1,1
412,0,3,male,26.0,0,0,6.8583,Q,Mr,Young Adult,0,Unknown,0,6.8583,2.061570298060867,1,1
413,1,1,female,33.0,1,0,90.0,Q,Miss,Young Adult,1,C,0,65.6344,4.51085950651685,2,0
414,0,2,male,31.0,0,0,0.0,S,Mr,Young Adult,0,Unknown,1,0.0,0.0,1,1
415,1,3,male,44.0,0,0,7.925,S,Mr,Adult,0,Unknown,0,7.925,2.188856327665703,1,1
416,0,3,female,31.0,0,0,8.05,S,Mrs,Young Adult,0,Unknown,0,8.05,2.2027647577118348,1,1
417,1,2,female,34.0,1,1,32.5,S,Mrs,Young Adult,0,Unknown,0,32.5,3.5115454388310208,3,0
418,1,2,female,18.0,0,2,13.0,S,Miss,Teen,0,Unknown,0,13.0,2.6390573296152584,3,0
419,0,2,male,30.0,0,0,13.0,S,Mr,Young Adult,0,Unknown,0,13.0,2.6390573296152584,1,1
420,0,3,female,10.0,0,2,24.15,S,Miss,Child,0,Unknown,0,24.15,3.224857896545748,3,0
421,0,3,male,26.0,0,0,7.8958,C,Mr,Young Adult,0,Unknown,0,7.8958,2.1855792552411137,1,1
422,0,3,male,21.0,0,0,7.7333,Q,Mr,Young Adult,0,Unknown,0,7.7333,2.167143305297764,1,1
423,0,3,male,29.0,0,0,7.875,S,Mr,Young Adult,0,Unknown,0,7.875,2.1832383353614797,1,1
424,0,3,female,28.0,1,1,14.4,S,Mrs,Young Adult,0,Unknown,0,14.4,2.7343675094195836,3,0
425,0,3,male,18.0,1,1,20.2125,S,Mr,Teen,0,Unknown,0,20.2125,3.0545906305603445,3,0
426,0,3,male,26.0,0,0,7.25,S,Mr,Young Adult,0,Unknown,0,7.25,2.1102132003465894,1,1
427,1,2,female,28.0,1,0,26.0,S,Mrs,Young Adult,0,Unknown,0,26.0,3.295836866004329,2,0
428,1,2,female,19.0,0,0,26.0,S,Miss,Young Adult,0,Unknown,0,26.0,3.295836866004329,1,1
429,0,3,male,26.0,0,0,7.75,Q,Mr,Young Adult,0,Unknown,0,7.75,2.169053700369523,1,1
430,1,3,male,32.0,0,0,8.05,S,Mr,Young Adult,1,E,0,8.05,2.2027647577118348,1,1
431,1,1,male,28.0,0,0,26.55,S,Mr,Young Adult,1,C,0,26.55,3.3160025355989236,1,1
432,1,3,female,31.0,1,0,16.1,S,Mrs,Young Adult,0,Unknown,0,16.1,2.8390784635086144,2,0
433,1,2,female,42.0,1,0,26.0,S,Mrs,Adult,0,Unknown,0,26.0,3.295836866004329,2,0
434,0,3,male,17.0,0,0,7.125,S,Mr,Teen,0,Unknown,0,7.125,2.094945728215801,1,1
435,0,1,male,50.0,1,0,55.9,S,Mr,Adult,1,E,0,55.9,4.041295341132285,2,0
436,1,1,female,14.0,1,2,120.0,S,Miss,Teen,1,B,0,65.6344,4.795790545596741,4,0
437,0,3,female,21.0,2,2,34.375,S,Miss,Young Adult,0,Unknown,0,34.375,3.5660053559634015,5,0
438,1,2,female,24.0,2,3,18.75,S,Mrs,Young Adult,0,Unknown,0,18.75,2.9831534913471307,6,0
439,0,1,male,64.0,1,4,263.0,S,Mr,Senior,1,C,0,65.6344,5.575949103146316,6,0
440,0,2,male,31.0,0,0,10.5,S,Mr,Young Adult,0,Unknown,0,10.5,2.4423470353692043,1,1
441,1,2,female,45.0,1,1,26.25,S,Mrs,Adult,0,Unknown,0,26.25,3.305053521109253,3,0
442,0,3,male,20.0,0,0,9.5,S,Mr,Young Adult,0,Unknown,0,9.5,2.3513752571634776,1,1
443,0,3,male,25.0,1,0,7.775,S,Mr,Young Adult,0,Unknown,0,7.775,2.1719067693519296,2,0
444,1,2,female,28.0,0,0,13.0,S,Miss,Young Adult,0,Unknown,0,13.0,2.6390573296152584,1,1
445,1,3,male,26.0,0,0,8.1125,S,Mr,Young Adult,0,Unknown,0,8.1125,2.2096470973347766,1,1
446,1,1,male,4.0,0,2,81.8583,S,Master,Child,1,A,0,65.6344,4.417131919904876,3,0
447,1,2,female,13.0,0,1,19.5,S,Miss,Teen,0,Unknown,0,19.5,3.0204248861443626,2,0
448,1,1,male,34.0,0,0,26.55,S,Mr,Young Adult,0,Unknown,0,26.55,3.3160025355989236,1,1
449,1,3,female,5.0,2,1,19.2583,C,Miss,Child,0,Unknown,0,19.2583,3.0085645861193133,4,0
450,1,1,male,52.0,0,0,30.5,S,Rare,Adult,1,C,0,30.5,3.449987545831587,1,1
451,0,2,male,36.0,1,2,27.75,S,Mr,Adult,0,Unknown,0,27.75,3.3586377672433594,4,0
452,0,3,male,26.0,1,0,19.9667,S,Mr,Young Adult,0,Unknown,0,19.9667,3.0429354648621407,2,0
453,0,1,male,30.0,0,0,27.75,C,Mr,Young Adult,1,C,0,27.75,3.3586377672433594,1,1
454,1,1,male,49.0,1,0,89.1042,C,Mr,Adult,1,C,0,65.6344,4.500966778400217,2,0
455,0,3,male,26.0,0,0,8.05,S,Mr,Young Adult,0,Unknown,0,8.05,2.2027647577118348,1,1
456,1,3,male,29.0,0,0,7.8958,C,Mr,Young Adult,0,Unknown,0,7.8958,2.1855792552411137,1,1
457,0,1,male,65.0,0,0,26.55,S,Mr,Senior,1,E,0,26.55,3.3160025355989236,1,1
458,1,1,female,40.0,1,0,51.8625,S,Mrs,Adult,1,D,0,51.8625,3.967694202798607,2,0
459,1,2,female,50.0,0,0,10.5,S,Miss,Adult,0,Unknown,0,10.5,2.4423470353692043,1,1
460,0,3,male,26.0,0,0,7.75,Q,Mr,Young Adult,0,Unknown,0,7.75,2.169053700369523,1,1
461,1,1,male,48.0,0,0,26.55,S,Mr,Adult,1,E,0,26.55,3.3160025355989236,1,1
462,0,3,male,34.0,0,0,8.05,S,Mr,Young Adult,0,Unknown,0,8.05,2.2027647577118348,1,1
463,0,1,male,47.0,0,0,38.5,S,Mr,Adult,1,E,0,38.5,3.676300671907076,1,1
464,0,2,male,48.0,0,0,13.0,S,Mr,Adult,0,Unknown,0,13.0,2.6390573296152584,1,1
465,0,3,male,26.0,0,0,8.05,S,Mr,Young Adult,0,Unknown,0,8.05,2.2027647577118348,1,1
466,0,3,male,38.0,0,0,7.05,S,Mr,Adult,0,Unknown,0,7.05,2.0856720914304723,1,1
467,0,2,male,31.0,0,0,0.0,S,Mr,Young Adult,0,Unknown,1,0.0,0.0,1,1
468,0,1,male,56.0,0,0,26.55,S,Mr,Adult,0,Unknown,0,26.55,3.3160025355989236,1,1
469,0,3,male,26.0,0,0,7.725,Q,Mr,Young Adult,0,Unknown,0,7.725,2.1661924680884908,1,1
470,1,3,female,0.75,2,1,19.2583,C,Miss,Child,0,Unknown,0,19.2583,3.0085645861193133,4,0
471,0,3,male,26.0,0,0,7.25,S,Mr,Young Adult,0,Unknown,0,7.25,2.1102132003465894,1,1
472,0,3,male,38.0,0,0,8.6625,S,Mr,Adult,0,Unknown,0,8.6625,2.2682524139135403,1,1
473,1,2,female,33.0,1,2,27.75,S,Mrs,Young Adult,0,Unknown,0,27.75,3.3586377672433594,4,0
474,1,2,female,23.0,0,0,13.7917,C,Mrs,Young Adult,1,D,0,13.7917,2.694066212646058,1,1
475,0,3,female,22.0,0,0,9.8375,S,Miss,Young Adult,0,Unknown,0,9.8375,2.3830123421066602,1,1
476,0,1,male,40.0,0,0,52.0,S,Mr,Adult,1,A,0,52.0,3.970291913552122,1,1
477,0,2,male,34.0,1,0,21.0,S,Mr,Young Adult,0,Unknown,0,21.0,3.091042453358316,2,0
478,0,3,male,29.0,1,0,7.0458,S,Mr,Young Adult,0,Unknown,0,7.0458,2.0851502161468174,2,0
479,0,3,male,22.0,0,0,7.5208,S,Mr,Young Adult,0,Unknown,0,7.5208,2.142510233146819,1,1
480,1,3,female,2.0,0,1,12.2875,S,Miss,Child,0,Unknown,0,12.2875,2.586823743668066,2,0
481,0,3,male,9.0,5,2,46.9,S,Master,Child,0,Unknown,0,46.9,3.8691155044168695,8,0
482,0,2,male,31.0,0,0,0.0,S,Mr,Young Adult,0,Unknown,1,0.0,0.0,1,1
483,0,3,male,50.0,0,0,8.05,S,Mr,Adult,0,Unknown,0,8.05,2.2027647577118348,1,1
484,1,3,female,63.0,0,0,9.5875,S,Mrs,Senior,0,Unknown,0,9.5875,2.3596740599781727,1,1
485,1,1,male,25.0,1,0,91.0792,C,Mr,Young Adult,1,B,0,65.6344,4.5226490762785785,2,0
486,0,3,female,18.0,3,1,25.4667,S,Miss,Teen,0,Unknown,0,25.4667,3.275887339030031,5,0
487,1,1,female,35.0,1,0,90.0,S,Mrs,Young Adult,1,C,0,65.6344,4.51085950651685,2,0
488,0,1,male,58.0,0,0,29.7,C,Mr,Adult,1,B,0,29.7,3.4242626545931514,1,1
489,0,3,male,30.0,0,0,8.05,S,Mr,Young Adult,0,Unknown,0,8.05,2.2027647577118348,1,1
490,1,3,male,9.0,1,1,15.9,S,Master,Child,0,Unknown,0,15.9,2.8273136219290276,3,0
491,0,3,male,26.0,1,0,19.9667,S,Mr,Young Adult,0,Unknown,0,19.9667,3.0429354648621407,2,0
492,0,3,male,21.0,0,0,7.25,S,Mr,Young Adult,0,Unknown,0,7.25,2.1102132003465894,1,1
493,0,1,male,55.0,0,0,30.5,S,Mr,Adult,1,C,0,30.5,3.449987545831587,1,1
494,0,1,male,71.0,0,0,49.5042,C,Mr,Senior,0,Unknown,0,49.5042,3.922056501139853,1,1
495,0,3,male,21.0,0,0,8.05,S,Mr,Young Adult,0,Unknown,0,8.05,2.2027647577118348,1,1
496,0,3,male,26.0,0,0,14.4583,C,Mr,Young Adult,0,Unknown,0,14.4583,2.738146075922933,1,1
497,1,1,female,54.0,1,0,78.2667,C,Miss,Adult,1,D,0,65.6344,4.37281811610993,2,0
498,0,3,male,26.0,0,0,15.1,S,Mr,Young Adult,0,Unknown,0,15.1,2.7788192719904172,1,1
499,0,1,female,25.0,1,2,151.55,S,Mrs,Young Adult,1,C,0,65.6344,5.027492411162679,4,0
500,0,3,male,24.0,0,0,7.7958,S,Mr,Young Adult,0,Unknown,0,7.7958,2.174274334826008,1,1
501,0,3,male,17.0,0,0,8.6625,S,Mr,Teen,0,Unknown,0,8.6625,2.2682524139135403,1,1
502,0,3,female,21.0,0,0,7.75,Q,Miss,Young Adult,0,Unknown,0,7.75,2.169053700369523,1,1
503,0,3,female,18.0,0,0,7.6292,Q,Miss,Teen,0,Unknown,0,7.6292,2.155151800914312,1,1
504,0,3,female,37.0,0,0,9.5875,S,Miss,Adult,0,Unknown,0,9.5875,2.3596740599781727,1,1
505,1,1,female,16.0,0,0,86.5,S,Miss,Teen,1,B,0,65.6344,4.471638793363569,1,1
506,0,1,male,18.0,1,0,108.9,C,Mr,Teen,1,C,0,65.6344,4.699570861409576,2,0
507,1,2,female,33.0,0,2,26.0,S,Mrs,Young Adult,0,Unknown,0,26.0,3.295836866004329,3,0
508,1,1,male,40.0,0,0,26.55,S,Mr,Adult,0,Unknown,0,26.55,3.3160025355989236,1,1
509,0,3,male,28.0,0,0,22.525,S,Mr,Young Adult,0,Unknown,0,22.525,3.1580636854714434,1,1
510,1,3,male,26.0,0,0,56.4958,S,Mr,Young Adult,0,Unknown,0,56.4958,4.05171190165724,1,1
511,1,3,male,29.0,0,0,7.75,Q,Mr,Young Adult,0,Unknown,0,7.75,2.169053700369523,1,1
512,0,3,male,26.0,0,0,8.05,S,Mr,Young Adult,0,Unknown,0,8.05,2.2027647577118348,1,1
513,1,1,male,36.0,0,0,26.2875,S,Mr,Adult,1,E,0,26.2875,3.3064287218760624,1,1
514,1,1,female,54.0,1,0,59.4,C,Mrs,Adult,0,Unknown,0,59.4,4.100989104940769,2,0
515,0,3,male,24.0,0,0,7.4958,S,Mr,Young Adult,0,Unknown,0,7.4958,2.139571923732859,1,1
516,0,1,male,47.0,0,0,34.0208,S,Mr,Adult,1,D,0,34.0208,3.5559421706858756,1,1
517,1,2,female,34.0,0,0,10.5,S,Mrs,Young Adult,1,F,0,10.5,2.4423470353692043,1,1
518,0,3,male,26.0,0,0,24.15,Q,Mr,Young Adult,0,Unknown,0,24.15,3.224857896545748,1,1
519,1,2,female,36.0,1,0,26.0,S,Mrs,Adult,0,Unknown,0,26.0,3.295836866004329,2,0
520,0,3,male,32.0,0,0,7.8958,S,Mr,Young Adult,0,Unknown,0,7.8958,2.1855792552411137,1,1
521,1,1,female,30.0,0,0,93.5,S,Miss,Young Adult,1,B,0,65.6344,4.548599834499697,1,1
522,0,3,male,22.0,0,0,7.8958,S,Mr,Young Adult,0,Unknown,0,7.8958,2.1855792552411137,1,1
523,0,3,male,26.0,0,0,7.225,C,Mr,Young Adult,0,Unknown,0,7.225,2.1071782966514356,1,1
524,1,1,female,44.0,0,1,57.9792,C,Mrs,Adult,1,B,0,57.9792,4.077184839375167,2,0
525,0,3,male,26.0,0,0,7.2292,C,Mr,Young Adult,0,Unknown,0,7.2292,2.1076888046179385,1,1
526,0,3,male,40.5,0,0,7.75,Q,Mr,Adult,0,Unknown,0,7.75,2.169053700369523,1,1
527,1,2,female,50.0,0,0,10.5,S,Miss,Adult,0,Unknown,0,10.5,2.4423470353692043,1,1
528,0,1,male,40.0,0,0,221.7792,S,Mr,Adult,1,C,0,65.6344,5.406181146423973,1,1
529,0,3,male,39.0,0,0,7.925,S,Mr,Adult,0,Unknown,0,7.925,2.188856327665703,1,1
530,0,2,male,23.0,2,1,11.5,S,Mr,Young Adult,0,Unknown,0,11.5,2.5257286443082556,4,0
531,1,2,female,2.0,1,1,26.0,S,Miss,Child,0,Unknown,0,26.0,3.295836866004329,3,0
532,0,3,male,26.0,0,0,7.2292,C,Mr,Young Adult,0,Unknown,0,7.2292,2.1076888046179385,1,1
533,0,3,male,17.0,1,1,7.2292,C,Mr,Teen,0,Unknown,0,7.2292,2.1076888046179385,3,0
534,1,3,female,31.0,0,2,22.3583,C,Mrs,Young Adult,0,Unknown,0,22.3583,3.1509523813392697,3,0
535,0,3,female,30.0,0,0,8.6625,S,Miss,Young Adult,0,Unknown,0,8.6625,2.2682524139135403,1,1
536,1,2,female,7.0,0,2,26.25,S,Miss,Child,0,Unknown,0,26.25,3.305053521109253,3,0
537,0,1,male,45.0,0,0,26.55,S,Rare,Adult,1,B,0,26.55,3.3160025355989236,1,1
538,1,1,female,30.0,0,0,106.425,C,Miss,Young Adult,0,Unknown,0,65.6344,4.676792929661059,1,1
539,0,3,male,26.0,0,0,14.5,S,Mr,Young Adult,0,Unknown,0,14.5,2.740840023925201,1,1
540,1,1,female,22.0,0,2,49.5,C,Miss,Young Adult,1,B,0,49.5,3.9219733362813143,3,0
541,1,1,female,36.0,0,2,71.0,S,Miss,Adult,1,B,0,65.6344,4.276666119016055,3,0
542,0,3,female,9.0,4,2,31.275,S,Miss,Child,0,Unknown,0,31.275,3.4742929367327062,7,0
543,0,3,female,11.0,4,2,31.275,S,Miss,Child,0,Unknown,0,31.275,3.4742929367327062,7,0
544,1,2,male,32.0,1,0,26.0,S,Mr,Young Adult,0,Unknown,0,26.0,3.295836866004329,2,0
545,0,1,male,50.0,1,0,106.425,C,Mr,Adult,1,C,0,65.6344,4.676792929661059,2,0
546,0,1,male,64.0,0,0,26.0,S,Mr,Senior,0,Unknown,0,26.0,3.295836866004329,1,1
547,1,2,female,19.0,1,0,26.0,S,Mrs,Young Adult,0,Unknown,0,26.0,3.295836866004329,2,0
548,1,2,male,31.0,0,0,13.8625,C,Mr,Young Adult,0,Unknown,0,13.8625,2.6988412620169004,1,1
549,0,3,male,33.0,1,1,20.525,S,Mr,Young Adult,0,Unknown,0,20.525,3.0692150503137943,3,0
550,1,2,male,8.0,1,1,36.75,S,Master,Child,0,Unknown,0,36.75,3.6309854756950335,3,0
551,1,1,male,17.0,0,2,110.8833,C,Mr,Teen,1,C,0,65.6344,4.717456363787216,3,0
552,0,2,male,27.0,0,0,26.0,S,Mr,Young Adult,0,Unknown,0,26.0,3.295836866004329,1,1
553,0,3,male,26.0,0,0,7.8292,Q,Mr,Young Adult,0,Unknown,0,7.8292,2.17806441028492,1,1
554,1,3,male,22.0,0,0,7.225,C,Mr,Young Adult,0,Unknown,0,7.225,2.1071782966514356,1,1
555,1,3,female,22.0,0,0,7.775,S,Miss,Young Adult,0,Unknown,0,7.775,2.1719067693519296,1,1
556,0,1,male,62.0,0,0,26.55,S,Mr,Senior,0,Unknown,0,26.55,3.3160025355989236,1,1
557,1,1,female,48.0,1,0,39.6,C,Rare,Adult,1,A,0,39.6,3.703768066607687,2,0
558,0,1,male,40.0,0,0,227.525,C,Mr,Adult,0,Unknown,0,65.6344,5.4316456135398825,1,1
559,1,1,female,39.0,1,1,79.65,S,Mrs,Adult,1,E,0,65.6344,4.390118804571218,3,0
560,1,3,female,36.0,1,0,17.4,S,Mrs,Adult,0,Unknown,0,17.4,2.91235066461494,2,0
561,0,3,male,26.0,0,0,7.75,Q,Mr,Young Adult,0,Unknown,0,7.75,2.169053700369523,1,1
562,0,3,male,40.0,0,0,7.8958,S,Mr,Adult,0,Unknown,0,7.8958,2.1855792552411137,1,1
563,0,2,male,28.0,0,0,13.5,S,Mr,Young Adult,0,Unknown,0,13.5,2.6741486494265287,1,1
564,0,3,male,26.0,0,0,8.05,S,Mr,Young Adult,0,Unknown,0,8.05,2.2027647577118348,1,1
565,0,3,female,18.0,0,0,8.05,S,Miss,Teen,0,Unknown,0,8.05,2.2027647577118348,1,1
566,0,3,male,24.0,2,0,24.15,S,Mr,Young Adult,0,Unknown,0,24.15,3.224857896545748,3,0
567,0,3,male,19.0,0,0,7.8958,S,Mr,Young Adult,0,Unknown,0,7.8958,2.1855792552411137,1,1
568,0,3,female,29.0,0,4,21.075,S,Mrs,Young Adult,0,Unknown,0,21.075,3.0944457464900235,5,0
569,0,3,male,26.0,0,0,7.2292,C,Mr,Young Adult,0,Unknown,0,7.2292,2.1076888046179385,1,1
570,1,3,male,32.0,0,0,7.8542,S,Mr,Young Adult,0,Unknown,0,7.8542,2.180891922715322,1,1
571,1,2,male,62.0,0,0,10.5,S,Mr,Senior,0,Unknown,0,10.5,2.4423470353692043,1,1
572,1,1,female,53.0,2,0,51.4792,S,Mrs,Adult,1,C,0,51.4792,3.960416900617205,3,0
573,1,1,male,36.0,0,0,26.3875,S,Mr,Adult,1,E,0,26.3875,3.3100867049215847,1,1
574,1,3,female,18.0,0,0,7.75,Q,Miss,Teen,0,Unknown,0,7.75,2.169053700369523,1,1
575,0,3,male,16.0,0,0,8.05,S,Mr,Teen,0,Unknown,0,8.05,2.2027647577118348,1,1
576,0,3,male,19.0,0,0,14.5,S,Mr,Young Adult,0,Unknown,0,14.5,2.740840023925201,1,1
577,1,2,female,34.0,0,0,13.0,S,Miss,Young Adult,0,Unknown,0,13.0,2.6390573296152584,1,1
578,1,1,female,39.0,1,0,55.9,S,Mrs,Adult,1,E,0,55.9,4.041295341132285,2,0
579,0,3,female,31.0,1,0,14.4583,C,Mrs,Young Adult,0,Unknown,0,14.4583,2.738146075922933,2,0
580,1,3,male,32.0,0,0,7.925,S,Mr,Young Adult,0,Unknown,0,7.925,2.188856327665703,1,1
581,1,2,female,25.0,1,1,30.0,S,Miss,Young Adult,0,Unknown,0,30.0,3.4339872044851463,3,0
582,1,1,female,39.0,1,1,110.8833,C,Mrs,Adult,1,C,0,65.6344,4.717456363787216,3,0
583,0,2,male,54.0,0,0,26.0,S,Mr,Adult,0,Unknown,0,26.0,3.295836866004329,1,1
584,0,1,male,36.0,0,0,40.125,C,Mr,Adult,1,A,0,40.125,3.716616209085536,1,1
585,0,3,male,26.0,0,0,8.7125,C,Mr,Young Adult,0,Unknown,0,8.7125,2.2734137156937657,1,1
586,1,1,female,18.0,0,2,79.65,S,Miss,Teen,1,E,0,65.6344,4.390118804571218,3,0
587,0,2,male,47.0,0,0,15.0,S,Mr,Adult,0,Unknown,0,15.0,2.772588722239781,1,1
588,1,1,male,60.0,1,1,79.2,C,Mr,Adult,1,B,0,65.6344,4.384523514872469,3,0
589,0,3,male,22.0,0,0,8.05,S,Mr,Young Adult,0,Unknown,0,8.05,2.2027647577118348,1,1
590,0,3,male,26.0,0,0,8.05,S,Mr,Young Adult,0,Unknown,0,8.05,2.2027647577118348,1,1
591,0,3,male,35.0,0,0,7.125,S,Mr,Young Adult,0,Unknown,0,7.125,2.094945728215801,1,1
592,1,1,female,52.0,1,0,78.2667,C,Mrs,Adult,1,D,0,65.6344,4.37281811610993,2,0
593,0,3,male,47.0,0,0,7.25,S,Mr,Adult,0,Unknown,0,7.25,2.1102132003465894,1,1
594,0,3,female,18.0,0,2,7.75,Q,Miss,Teen,0,Unknown,0,7.75,2.169053700369523,3,0
595,0,2,male,37.0,1,0,26.0,S,Mr,Adult,0,Unknown,0,26.0,3.295836866004329,2,0
596,0,3,male,36.0,1,1,24.15,S,Mr,Adult,0,Unknown,0,24.15,3.224857896545748,3,0
597,1,2,female,24.0,0,0,33.0,S,Miss,Young Adult,0,Unknown,0,33.0,3.5263605246161616,1,1
598,0,3,male,49.0,0,0,0.0,S,Mr,Adult,0,Unknown,1,0.0,0.0,1,1
599,0,3,male,26.0,0,0,7.225,C,Mr,Young Adult,0,Unknown,0,7.225,2.1071782966514356,1,1
600,1,1,male,49.0,1,0,56.9292,C,Rare,Adult,1,A,0,56.9292,4.0592215752427645,2,0
601,1,2,female,24.0,2,1,27.0,S,Mrs,Young Adult,0,Unknown,0,27.0,3.332204510175204,4,0
602,0,3,male,26.0,0,0,7.8958,S,Mr,Young Adult,0,Unknown,0,7.8958,2.1855792552411137,1,1
603,0,1,male,40.0,0,0,42.4,S,Mr,Adult,0,Unknown,0,42.4,3.770459441106359,1,1
604,0,3,male,44.0,0,0,8.05,S,Mr,Adult,0,Unknown,0,8.05,2.2027647577118348,1,1
605,1,1,male,35.0,0,0,26.55,C,Mr,Young Adult,0,Unknown,0,26.55,3.3160025355989236,1,1
606,0,3,male,36.0,1,0,15.55,S,Mr,Adult,0,Unknown,0,15.55,2.806386101823072,2,0
607,0,3,male,30.0,0,0,7.8958,S,Mr,Young Adult,0,Unknown,0,7.8958,2.1855792552411137,1,1
608,1,1,male,27.0,0,0,30.5,S,Mr,Young Adult,0,Unknown,0,30.5,3.449987545831587,1,1
609,1,2,female,22.0,1,2,41.5792,C,Mrs,Young Adult,0,Unknown,0,41.5792,3.7513658711253766,4,0
610,1,1,female,40.0,0,0,153.4625,S,Miss,Adult,1,C,0,65.6344,5.039951348430309,1,1
611,0,3,female,39.0,1,5,31.275,S,Mrs,Adult,0,Unknown,0,31.275,3.4742929367327062,7,0
612,0,3,male,26.0,0,0,7.05,S,Mr,Young Adult,0,Unknown,0,7.05,2.0856720914304723,1,1
613,1,3,female,18.0,1,0,15.5,Q,Miss,Teen,0,Unknown,0,15.5,2.803360380906535,2,0
614,0,3,male,26.0,0,0,7.75,Q,Mr,Young Adult,0,Unknown,0,7.75,2.169053700369523,1,1
615,0,3,male,35.0,0,0,8.05,S,Mr,Young Adult,0,Unknown,0,8.05,2.2027647577118348,1,1
616,1,2,female,24.0,1,2,65.0,S,Miss,Young Adult,0,Unknown,0,65.0,4.189654742026425,4,0
617,0,3,male,34.0,1,1,14.4,S,Mr,Young Adult,0,Unknown,0,14.4,2.7343675094195836,3,0
618,0,3,female,26.0,1,0,16.1,S,Mrs,Young Adult,0,Unknown,0,16.1,2.8390784635086144,2,0
619,1,2,female,4.0,2,1,39.0,S,Miss,Child,1,F,0,39.0,3.6888794541139363,4,0
620,0,2,male,26.0,0,0,10.5,S,Mr,Young Adult,0,Unknown,0,10.5,2.4423470353692043,1,1
621,0,3,male,27.0,1,0,14.4542,C,Mr,Young Adult,0,Unknown,0,14.4542,2.737880811060884,2,0
622,1,1,male,42.0,1,0,52.5542,S,Mr,Adult,1,D,0,52.5542,3.9806942251907276,2,0
623,1,3,male,20.0,1,1,15.7417,C,Mr,Young Adult,0,Unknown,0,15.7417,2.817902613071225,3,0
624,0,3,male,21.0,0,0,7.8542,S,Mr,Young Adult,0,Unknown,0,7.8542,2.180891922715322,1,1
625,0,3,male,21.0,0,0,16.1,S,Mr,Young Adult,0,Unknown,0,16.1,2.8390784635086144,1,1
626,0,1,male,61.0,0,0,32.3208,S,Mr,Senior,1,D,0,32.3208,3.5061818266142577,1,1
627,0,2,male,57.0,0,0,12.35,Q,Rare,Adult,0,Unknown,0,12.35,2.5915163848462583,1,1
628,1,1,female,21.0,0,0,77.9583,S,Miss,Young Adult,1,D,0,65.6344,4.368919865004903,1,1
629,0,3,male,26.0,0,0,7.8958,S,Mr,Young Adult,0,Unknown,0,7.8958,2.1855792552411137,1,1
630,0,3,male,26.0,0,0,7.7333,Q,Mr,Young Adult,0,Unknown,0,7.7333,2.167143305297764,1,1
631,1,1,male,80.0,0,0,30.0,S,Mr,Senior,1,A,0,30.0,3.4339872044851463,1,1
632,0,3,male,51.0,0,0,7.0542,S,Mr,Adult,0,Unknown,0,7.0542,2.086193694502369,1,1
633,1,1,male,32.0,0,0,30.5,C,Rare,Young Adult,1,B,0,30.5,3.449987545831587,1,1
634,0,1,male,40.0,0,0,0.0,S,Mr,Adult,0,Unknown,1,0.0,0.0,1,1
635,0,3,female,9.0,3,2,27.9,S,Miss,Child,0,Unknown,0,27.9,3.3638415951183864,6,0
636,1,2,female,28.0,0,0,13.0,S,Miss,Young Adult,0,Unknown,0,13.0,2.6390573296152584,1,1
637,0,3,male,32.0,0,0,7.925,S,Mr,Young Adult,0,Unknown,0,7.925,2.188856327665703,1,1
638,0,2,male,31.0,1,1,26.25,S,Mr,Young Adult,0,Unknown,0,26.25,3.305053521109253,3,0
639,0,3,female,41.0,0,5,39.6875,S,Mrs,Adult,0,Unknown,0,39.6875,3.705920919968788,6,0
640,0,3,male,26.0,1,0,16.1,S,Mr,Young Adult,0,Unknown,0,16.1,2.8390784635086144,2,0
641,0,3,male,20.0,0,0,7.8542,S,Mr,Young Adult,0,Unknown,0,7.8542,2.180891922715322,1,1
642,1,1,female,24.0,0,0,69.3,C,Miss,Young Adult,1,B,0,65.6344,4.252771798816619,1,1
643,0,3,female,2.0,3,2,27.9,S,Miss,Child,0,Unknown,0,27.9,3.3638415951183864,6,0
644,1,3,male,26.0,0,0,56.4958,S,Mr,Young Adult,0,Unknown,0,56.4958,4.05171190165724,1,1
645,1,3,female,0.75,2,1,19.2583,C,Miss,Child,0,Unknown,0,19.2583,3.0085645861193133,4,0
646,1,1,male,48.0,1,0,76.7292,C,Mr,Adult,1,D,0,65.6344,4.353230991152628,2,0
647,0,3,male,19.0,0,0,7.8958,S,Mr,Young Adult,0,Unknown,0,7.8958,2.1855792552411137,1,1
648,1,1,male,56.0,0,0,35.5,C,Rare,Adult,1,A,0,35.5,3.597312260588446,1,1
649,0,3,male,26.0,0,0,7.55,S,Mr,Young Adult,0,Unknown,0,7.55,2.145931282948669,1,1
650,1,3,female,23.0,0,0,7.55,S,Miss,Young Adult,0,Unknown,0,7.55,2.145931282948669,1,1
651,0,3,male,26.0,0,0,7.8958,S,Mr,Young Adult,0,Unknown,0,7.8958,2.1855792552411137,1,1
652,1,2,female,18.0,0,1,23.0,S,Miss,Teen,0,Unknown,0,23.0,3.1780538303479458,2,0
653,0,3,male,21.0,0,0,8.4333,S,Mr,Young Adult,0,Unknown,0,8.4333,2.2442459824059346,1,1
654,1,3,female,18.0,0,0,7.8292,Q,Miss,Teen,0,Unknown,0,7.8292,2.17806441028492,1,1
655,0,3,female,18.0,0,0,6.75,Q,Miss,Teen,0,Unknown,0,6.75,2.0476928433652555,1,1
656,0,2,male,24.0,2,0,73.5,S,Mr,Young Adult,0,Unknown,0,65.6344,4.310799125385514,3,0
657,0,3,male,26.0,0,0,7.8958,S,Mr,Young Adult,0,Unknown,0,7.8958,2.1855792552411137,1,1
658,0,3,female,32.0,1,1,15.5,Q,Mrs,Young Adult,0,Unknown,0,15.5,2.803360380906535,3,0
659,0,2,male,23.0,0,0,13.0,S,Mr,Young Adult,0,Unknown,0,13.0,2.6390573296152584,1,1
660,0,1,male,58.0,0,2,113.275,C,Mr,Adult,1,D,0,65.6344,4.738607824217808,3,0
661,1,1,male,50.0,2,0,133.65,S,Rare,Adult,0,Unknown,0,65.6344,4.902678819257608,3,0
662,0,3,male,40.0,0,0,7.225,C,Mr,Adult,0,Unknown,0,7.225,2.1071782966514356,1,1
663,0,1,male,47.0,0,0,25.5875,S,Mr,Adult,1,E,0,25.5875,3.2804411805263554,1,1
664,0,3,male,36.0,0,0,7.4958,S,Mr,Adult,0,Unknown,0,7.4958,2.139571923732859,1,1
665,1,3,male,20.0,1,0,7.925,S,Mr,Young Adult,0,Unknown,0,7.925,2.188856327665703,2,0
666,0,2,male,32.0,2,0,73.5,S,Mr,Young Adult,0,Unknown,0,65.6344,4.310799125385514,3,0
667,0,2,male,25.0,0,0,13.0,S,Mr,Young Adult,0,Unknown,0,13.0,2.6390573296152584,1,1
668,0,3,male,26.0,0,0,7.775,S,Mr,Young Adult,0,Unknown,0,7.775,2.1719067693519296,1,1
669,0,3,male,43.0,0,0,8.05,S,Mr,Adult,0,Unknown,0,8.05,2.2027647577118348,1,1
670,1,1,female,40.0,1,0,52.0,S,Mrs,Adult,1,C,0,52.0,3.970291913552122,2,0
671,1,2,female,40.0,1,1,39.0,S,Mrs,Adult,0,Unknown,0,39.0,3.6888794541139363,3,0
672,0,1,male,31.0,1,0,52.0,S,Mr,Young Adult,1,B,0,52.0,3.970291913552122,2,0
673,0,2,male,70.0,0,0,10.5,S,Mr,Senior,0,Unknown,0,10.5,2.4423470353692043,1,1
674,1,2,male,31.0,0,0,13.0,S,Mr,Young Adult,0,Unknown,0,13.0,2.6390573296152584,1,1
675,0,2,male,31.0,0,0,0.0,S,Mr,Young Adult,0,Unknown,1,0.0,0.0,1,1
676,0,3,male,18.0,0,0,7.775,S,Mr,Teen,0,Unknown,0,7.775,2.1719067693519296,1,1
677,0,3,male,24.5,0,0,8.05,S,Mr,Young Adult,0,Unknown,0,8.05,2.2027647577118348,1,1
678,1,3,female,18.0,0,0,9.8417,S,Miss,Teen,0,Unknown,0,9.8417,2.3833998102837652,1,1
679,0,3,female,43.0,1,6,46.9,S,Mrs,Adult,0,Unknown,0,46.9,3.8691155044168695,8,0
680,1,1,male,36.0,0,1,512.3292,C,Mr,Adult,1,B,0,65.6344,6.240917354759096,2,0
681,0,3,female,18.0,0,0,8.1375,Q,Miss,Teen,0,Unknown,0,8.1375,2.212386825075897,1,1
682,1,1,male,27.0,0,0,76.7292,C,Mr,Young Adult,1,D,0,65.6344,4.353230991152628,1,1
683,0,3,male,20.0,0,0,9.225,S,Mr,Young Adult,0,Unknown,0,9.225,2.3248357019288655,1,1
684,0,3,male,14.0,5,2,46.9,S,Mr,Teen,0,Unknown,0,46.9,3.8691155044168695,8,0
685,0,2,male,60.0,1,1,39.0,S,Mr,Adult,0,Unknown,0,39.0,3.6888794541139363,3,0
686,0,2,male,25.0,1,2,41.5792,C,Mr,Young Adult,0,Unknown,0,41.5792,3.7513658711253766,4,0
687,0,3,male,14.0,4,1,39.6875,S,Mr,Teen,0,Unknown,0,39.6875,3.705920919968788,6,0
688,0,3,male,19.0,0,0,10.1708,S,Mr,Young Adult,0,Unknown,0,10.1708,2.4133032309283076,1,1
689,0,3,male,18.0,0,0,7.7958,S,Mr,Teen,0,Unknown,0,7.7958,2.174274334826008,1,1
690,1,1,female,15.0,0,1,211.3375,S,Miss,Teen,1,B,0,65.6344,5.35817698994543,2,0
691,1,1,male,31.0,1,0,57.0,S,Mr,Young Adult,1,B,0,57.0,4.060443010546419,2,0
692,1,3,female,4.0,0,1,13.4167,C,Miss,Child,0,Unknown,0,13.4167,2.668387256845834,2,0
693,1,3,male,26.0,0,0,56.4958,S,Mr,Young Adult,0,Unknown,0,56.4958,4.05171190165724,1,1
694,0,3,male,25.0,0,0,7.225,C,Mr,Young Adult,0,Unknown,0,7.225,2.1071782966514356,1,1
695,0,1,male,60.0,0,0,26.55,S,Rare,Adult,0,Unknown,0,26.55,3.3160025355989236,1,1
696,0,2,male,52.0,0,0,13.5,S,Mr,Adult,0,Unknown,0,13.5,2.6741486494265287,1,1
697,0,3,male,44.0,0,0,8.05,S,Mr,Adult,0,Unknown,0,8.05,2.2027647577118348,1,1
698,1,3,female,18.0,0,0,7.7333,Q,Miss,Teen,0,Unknown,0,7.7333,2.167143305297764,1,1
699,0,1,male,49.0,1,1,110.8833,C,Mr,Adult,1,C,0,65.6344,4.717456363787216,3,0
700,0,3,male,42.0,0,0,7.65,S,Mr,Adult,1,F,0,7.65,2.157559320943788,1,1
701,1,1,female,18.0,1,0,227.525,C,Mrs,Teen,1,C,0,65.6344,5.4316456135398825,2,0
702,1,1,male,35.0,0,0,26.2875,S,Mr,Young Adult,1,E,0,26.2875,3.3064287218760624,1,1
703,0,3,female,18.0,0,1,14.4542,C,Miss,Teen,0,Unknown,0,14.4542,2.737880811060884,2,0
704,0,3,male,25.0,0,0,7.7417,Q,Mr,Young Adult,0,Unknown,0,7.7417,2.1681046787623672,1,1
705,0,3,male,26.0,1,0,7.8542,S,Mr,Young Adult,0,Unknown,0,7.8542,2.180891922715322,2,0
706,0,2,male,39.0,0,0,26.0,S,Mr,Adult,0,Unknown,0,26.0,3.295836866004329,1,1
707,1,2,female,45.0,0,0,13.5,S,Mrs,Adult,0,Unknown,0,13.5,2.6741486494265287,1,1
708,1,1,male,42.0,0,0,26.2875,S,Mr,Adult,1,E,0,26.2875,3.3064287218760624,1,1
709,1,1,female,22.0,0,0,151.55,S,Miss,Young Adult,0,Unknown,0,65.6344,5.027492411162679,1,1
710,1,3,male,4.0,1,1,15.2458,C,Master,Child,0,Unknown,0,15.2458,2.7878344138303452,3,0
711,1,1,female,24.0,0,0,49.5042,C,Miss,Young Adult,1,C,0,49.5042,3.922056501139853,1,1
712,0,1,male,40.0,0,0,26.55,S,Mr,Adult,1,C,0,26.55,3.3160025355989236,1,1
713,1,1,male,48.0,1,0,52.0,S,Mr,Adult,1,C,0,52.0,3.970291913552122,2,0
714,0,3,male,29.0,0,0,9.4833,S,Mr,Young Adult,0,Unknown,0,9.4833,2.3497835148230464,1,1
715,0,2,male,52.0,0,0,13.0,S,Mr,Adult,0,Unknown,0,13.0,2.6390573296152584,1,1
716,0,3,male,19.0,0,0,7.65,S,Mr,Young Adult,1,F,0,7.65,2.157559320943788,1,1
717,1,1,female,38.0,0,0,227.525,C,Miss,Adult,1,C,0,65.6344,5.4316456135398825,1,1
718,1,2,female,27.0,0,0,10.5,S,Miss,Young Adult,1,E,0,10.5,2.4423470353692043,1,1
719,0,3,male,26.0,0,0,15.5,Q,Mr,Young Adult,0,Unknown,0,15.5,2.803360380906535,1,1
720,0,3,male,33.0,0,0,7.775,S,Mr,Young Adult,0,Unknown,0,7.775,2.1719067693519296,1,1
721,1,2,female,6.0,0,1,33.0,S,Miss,Child,0,Unknown,0,33.0,3.5263605246161616,2,0
722,0,3,male,17.0,1,0,7.0542,S,Mr,Teen,0,Unknown,0,7.0542,2.086193694502369,2,0
723,0,2,male,34.0,0,0,13.0,S,Mr,Young Adult,0,Unknown,0,13.0,2.6390573296152584,1,1
724,0,2,male,50.0,0,0,13.0,S,Mr,Adult,0,Unknown,0,13.0,2.6390573296152584,1,1
725,1,1,male,27.0,1,0,53.1,S,Mr,Young Adult,1,E,0,53.1,3.9908341858524357,2,0
726,0,3,male,20.0,0,0,8.6625,S,Mr,Young Adult,0,Unknown,0,8.6625,2.2682524139135403,1,1
727,1,2,female,30.0,3,0,21.0,S,Mrs,Young Adult,0,Unknown,0,21.0,3.091042453358316,4,0
728,1,3,female,18.0,0,0,7.7375,Q,Miss,Teen,0,Unknown,0,7.7375,2.1676241075599285,1,1
729,0,2,male,25.0,1,0,26.0,S,Mr,Young Adult,0,Unknown,0,26.0,3.295836866004329,2,0
730,0,3,female,25.0,1,0,7.925,S,Miss,Young Adult,0,Unknown,0,7.925,2.188856327665703,2,0
731,1,1,female,29.0,0,0,211.3375,S,Miss,Young Adult,1,B,0,65.6344,5.35817698994543,1,1
732,0,3,male,11.0,0,0,18.7875,C,Mr,Child,0,Unknown,0,18.7875,2.9850504252071306,1,1
733,0,2,male,31.0,0,0,0.0,S,Mr,Young Adult,0,Unknown,1,0.0,0.0,1,1
734,0,2,male,23.0,0,0,13.0,S,Mr,Young Adult,0,Unknown,0,13.0,2.6390573296152584,1,1
735,0,2,male,23.0,0,0,13.0,S,Mr,Young Adult,0,Unknown,0,13.0,2.6390573296152584,1,1
736,0,3,male,28.5,0,0,16.1,S,Mr,Young Adult,0,Unknown,0,16.1,2.8390784635086144,1,1
737,0,3,female,48.0,1,3,34.375,S,Mrs,Adult,0,Unknown,0,34.375,3.5660053559634015,5,0
738,1,1,male,35.0,0,0,512.3292,C,Mr,Young Adult,1,B,0,65.6344,6.240917354759096,1,1
739,0,3,male,26.0,0,0,7.8958,S,Mr,Young Adult,0,Unknown,0,7.8958,2.1855792552411137,1,1
740,0,3,male,26.0,0,0,7.8958,S,Mr,Young Adult,0,Unknown,0,7.8958,2.1855792552411137,1,1
741,1,1,male,40.0,0,0,30.0,S,Mr,Adult,1,D,0,30.0,3.4339872044851463,1,1
742,0,1,male,36.0,1,0,78.85,S,Mr,Adult,1,C,0,65.6344,4.380149874661021,2,0
743,1,1,female,21.0,2,2,262.375,C,Miss,Young Adult,1,B,0,65.6344,5.5735788721243535,5,0
744,0,3,male,24.0,1,0,16.1,S,Mr,Young Adult,0,Unknown,0,16.1,2.8390784635086144,2,0
745,1,3,male,31.0,0,0,7.925,S,Mr,Young Adult,0,Unknown,0,7.925,2.188856327665703,1,1
746,0,1,male,70.0,1,1,71.0,S,Rare,Senior,1,B,0,65.6344,4.276666119016055,3,0
747,0,3,male,16.0,1,1,20.25,S,Mr,Teen,0,Unknown,0,20.25,3.056356895370426,3,0
748,1,2,female,30.0,0,0,13.0,S,Miss,Young Adult,0,Unknown,0,13.0,2.6390573296152584,1,1
749,0,1,male,19.0,1,0,53.1,S,Mr,Young Adult,1,D,0,53.1,3.9908341858524357,2,0
750,0,3,male,31.0,0,0,7.75,Q,Mr,Young Adult,0,Unknown,0,7.75,2.169053700369523,1,1
751,1,2,female,4.0,1,1,23.0,S,Miss,Child,0,Unknown,0,23.0,3.1780538303479458,3,0
752,1,3,male,6.0,0,1,12.475,S,Master,Child,1,E,0,12.475,2.600836116795061,2,0
753,0,3,male,33.0,0,0,9.5,S,Mr,Young Adult,0,Unknown,0,9.5,2.3513752571634776,1,1
754,0,3,male,23.0,0,0,7.8958,S,Mr,Young Adult,0,Unknown,0,7.8958,2.1855792552411137,1,1
755,1,2,female,48.0,1,2,65.0,S,Mrs,Adult,0,Unknown,0,65.0,4.189654742026425,4,0
756,1,2,male,0.67,1,1,14.5,S,Master,Child,0,Unknown,0,14.5,2.740840023925201,3,0
757,0,3,male,28.0,0,0,7.7958,S,Mr,Young Adult,0,Unknown,0,7.7958,2.174274334826008,1,1
758,0,2,male,18.0,0,0,11.5,S,Mr,Teen,0,Unknown,0,11.5,2.5257286443082556,1,1
759,0,3,male,34.0,0,0,8.05,S,Mr,Young Adult,0,Unknown,0,8.05,2.2027647577118348,1,1
760,1,1,female,33.0,0,0,86.5,S,Rare,Young Adult,1,B,0,65.6344,4.471638793363569,1,1
761,0,3,male,26.0,0,0,14.5,S,Mr,Young Adult,0,Unknown,0,14.5,2.740840023925201,1,1
762,0,3,male,41.0,0,0,7.125,S,Mr,Adult,0,Unknown,0,7.125,2.094945728215801,1,1
763,1,3,male,20.0,0,0,7.2292,C,Mr,Young Adult,0,Unknown,0,7.2292,2.1076888046179385,1,1
764,1,1,female,36.0,1,2,120.0,S,Mrs,Adult,1,B,0,65.6344,4.795790545596741,4,0
765,0,3,male,16.0,0,0,7.775,S,Mr,Teen,0,Unknown,0,7.775,2.1719067693519296,1,1
766,1,1,female,51.0,1,0,77.9583,S,Mrs,Adult,1,D,0,65.6344,4.368919865004903,2,0
767,0,1,male,49.0,0,0,39.6,C,Rare,Adult,0,Unknown,0,39.6,3.703768066607687,1,1
768,0,3,female,30.5,0,0,7.75,Q,Miss,Young Adult,0,Unknown,0,7.75,2.169053700369523,1,1
769,0,3,male,26.0,1,0,24.15,Q,Mr,Young Adult,0,Unknown,0,24.15,3.224857896545748,2,0
770,0,3,male,32.0,0,0,8.3625,S,Mr,Young Adult,0,Unknown,0,8.3625,2.236712348843338,1,1
771,0,3,male,24.0,0,0,9.5,S,Mr,Young Adult,0,Unknown,0,9.5,2.3513752571634776,1,1
772,0,3,male,48.0,0,0,7.8542,S,Mr,Adult,0,Unknown,0,7.8542,2.180891922715322,1,1
773,0,2,female,57.0,0,0,10.5,S,Mrs,Adult,1,E,0,10.5,2.4423470353692043,1,1
774,0,3,male,26.0,0,0,7.225,C,Mr,Young Adult,0,Unknown,0,7.225,2.1071782966514356,1,1
775,1,2,female,54.0,1,3,23.0,S,Mrs,Adult,0,Unknown,0,23.0,3.1780538303479458,5,0
776,0,3,male,18.0,0,0,7.75,S,Mr,Teen,0,Unknown,0,7.75,2.169053700369523,1,1
777,0,3,male,26.0,0,0,7.75,Q,Mr,Young Adult,1,F,0,7.75,2.169053700369523,1,1
778,1,3,female,5.0,0,0,12.475,S,Miss,Child,0,Unknown,0,12.475,2.600836116795061,1,1
779,0,3,male,26.0,0,0,7.7375,Q,Mr,Young Adult,0,Unknown,0,7.7375,2.1676241075599285,1,1
780,1,1,female,43.0,0,1,211.3375,S,Mrs,Adult,1,B,0,65.6344,5.35817698994543,2,0
781,1,3,female,13.0,0,0,7.2292,C,Miss,Teen,0,Unknown,0,7.2292,2.1076888046179385,1,1
782,1,1,female,17.0,1,0,57.0,S,Mrs,Teen,1,B,0,57.0,4.060443010546419,2,0
783,0,1,male,29.0,0,0,30.0,S,Mr,Young Adult,1,D,0,30.0,3.4339872044851463,1,1
784,0,3,male,26.0,1,2,23.45,S,Mr,Young Adult,0,Unknown,0,23.45,3.196630215920881,4,0
785,0,3,male,25.0,0,0,7.05,S,Mr,Young Adult,0,Unknown,0,7.05,2.0856720914304723,1,1
786,0,3,male,25.0,0,0,7.25,S,Mr,Young Adult,0,Unknown,0,7.25,2.1102132003465894,1,1
787,1,3,female,18.0,0,0,7.4958,S,Miss,Teen,0,Unknown,0,7.4958,2.139571923732859,1,1
788,0,3,male,8.0,4,1,29.125,Q,Master,Child,0,Unknown,0,29.125,3.405355391810819,6,0
789,1,3,male,1.0,1,2,20.575,S,Master,Child,0,Unknown,0,20.575,3.0715352369694915,4,0
790,0,1,male,46.0,0,0,79.2,C,Mr,Adult,1,B,0,65.6344,4.384523514872469,1,1
791,0,3,male,26.0,0,0,7.75,Q,Mr,Young Adult,0,Unknown,0,7.75,2.169053700369523,1,1
792,0,2,male,16.0,0,0,26.0,S,Mr,Teen,0,Unknown,0,26.0,3.295836866004329,1,1
793,0,3,female,18.0,8,2,69.55,S,Miss,Teen,0,Unknown,0,65.6344,4.256321678298823,11,0
794,0,1,male,40.0,0,0,30.6958,C,Mr,Adult,0,Unknown,0,30.6958,3.4561841799918147,1,1
795,0,3,male,25.0,0,0,7.8958,S,Mr,Young Adult,0,Unknown,0,7.8958,2.1855792552411137,1,1
796,0,2,male,39.0,0,0,13.0,S,Mr,Adult,0,Unknown,0,13.0,2.6390573296152584,1,1
797,1,1,female,49.0,0,0,25.9292,S,Rare,Adult,1,D,0,25.9292,3.2932111997353943,1,1
798,1,3,female,31.0,0,0,8.6833,S,Mrs,Young Adult,0,Unknown,0,8.6833,2.270402752283094,1,1
799,0,3,male,30.0,0,0,7.2292,C,Mr,Young Adult,0,Unknown,0,7.2292,2.1076888046179385,1,1
800,0,3,female,30.0,1,1,24.15,S,Mrs,Young Adult,0,Unknown,0,24.15,3.224857896545748,3,0
801,0,2,male,34.0,0,0,13.0,S,Mr,Young Adult,0,Unknown,0,13.0,2.6390573296152584,1,1
802,1,2,female,31.0,1,1,26.25,S,Mrs,Young Adult,0,Unknown,0,26.25,3.305053521109253,3,0
803,1,1,male,11.0,1,2,120.0,S,Master,Child,1,B,0,65.6344,4.795790545596741,4,0
804,1,3,male,0.42,0,1,8.5167,C,Master,Child,0,Unknown,0,8.5167,2.2530481500547457,2,0
805,1,3,male,27.0,0,0,6.975,S,Mr,Young Adult,0,Unknown,0,6.975,2.076311648670908,1,1
806,0,3,male,31.0,0,0,7.775,S,Mr,Young Adult,0,Unknown,0,7.775,2.1719067693519296,1,1
807,0,1,male,39.0,0,0,0.0,S,Mr,Adult,1,A,1,0.0,0.0,1,1
808,0,3,female,18.0,0,0,7.775,S,Miss,Teen,0,Unknown,0,7.775,2.1719067693519296,1,1
809,0,2,male,39.0,0,0,13.0,S,Mr,Adult,0,Unknown,0,13.0,2.6390573296152584,1,1
810,1,1,female,33.0,1,0,53.1,S,Mrs,Young Adult,1,E,0,53.1,3.9908341858524357,2,0
811,0,3,male,26.0,0,0,7.8875,S,Mr,Young Adult,0,Unknown,0,7.8875,2.184645795129359,1,1
812,0,3,male,39.0,0,0,24.15,S,Mr,Adult,0,Unknown,0,24.15,3.224857896545748,1,1
813,0,2,male,35.0,0,0,10.5,S,Mr,Young Adult,0,Unknown,0,10.5,2.4423470353692043,1,1
814,0,3,female,6.0,4,2,31.275,S,Miss,Child,0,Unknown,0,31.275,3.4742929367327062,7,0
815,0,3,male,30.5,0,0,8.05,S,Mr,Young Adult,0,Unknown,0,8.05,2.2027647577118348,1,1
816,0,1,male,40.0,0,0,0.0,S,Mr,Adult,1,B,1,0.0,0.0,1,1
817,0,3,female,23.0,0,0,7.925,S,Miss,Young Adult,0,Unknown,0,7.925,2.188856327665703,1,1
818,0,2,male,31.0,1,1,37.0042,C,Mr,Young Adult,0,Unknown,0,37.0042,3.637696679934592,3,0
819,0,3,male,43.0,0,0,6.45,S,Mr,Adult,0,Unknown,0,6.45,2.0082140323914683,1,1
820,0,3,male,10.0,3,2,27.9,S,Master,Child,0,Unknown,0,27.9,3.3638415951183864,6,0
821,1,1,female,52.0,1,1,93.5,S,Mrs,Adult,1,B,0,65.6344,4.548599834499697,3,0
822,1,3,male,27.0,0,0,8.6625,S,Mr,Young Adult,0,Unknown,0,8.6625,2.2682524139135403,1,1
823,0,1,male,38.0,0,0,0.0,S,Rare,Adult,0,Unknown,1,0.0,0.0,1,1
824,1,3,female,27.0,0,1,12.475,S,Mrs,Young Adult,1,E,0,12.475,2.600836116795061,2,0
825,0,3,male,2.0,4,1,39.6875,S,Master,Child,0,Unknown,0,39.6875,3.705920919968788,6,0
826,0,3,male,26.0,0,0,6.95,Q,Mr,Young Adult,0,Unknown,0,6.95,2.0731719286662407,1,1
827,0,3,male,26.0,0,0,56.4958,S,Mr,Young Adult,0,Unknown,0,56.4958,4.05171190165724,1,1
828,1,2,male,1.0,0,2,37.0042,C,Master,Child,0,Unknown,0,37.0042,3.637696679934592,3,0
829,1,3,male,26.0,0,0,7.75,Q,Mr,Young Adult,0,Unknown,0,7.75,2.169053700369523,1,1
830,1,1,female,62.0,0,0,80.0,S,Mrs,Senior,1,B,0,65.6344,4.394449154672439,1,1
831,1,3,female,15.0,1,0,14.4542,C,Mrs,Teen,0,Unknown,0,14.4542,2.737880811060884,2,0
832,1,2,male,0.83,1,1,18.75,S,Master,Child,0,Unknown,0,18.75,2.9831534913471307,3,0
833,0,3,male,26.0,0,0,7.2292,C,Mr,Young Adult,0,Unknown,0,7.2292,2.1076888046179385,1,1
834,0,3,male,23.0,0,0,7.8542,S,Mr,Young Adult,0,Unknown,0,7.8542,2.180891922715322,1,1
835,0,3,male,18.0,0,0,8.3,S,Mr,Teen,0,Unknown,0,8.3,2.2300144001592104,1,1
836,1,1,female,39.0,1,1,83.1583,C,Miss,Adult,1,E,0,65.6344,4.432699549165613,3,0
837,0,3,male,21.0,0,0,8.6625,S,Mr,Young Adult,0,Unknown,0,8.6625,2.2682524139135403,1,1
838,0,3,male,26.0,0,0,8.05,S,Mr,Young Adult,0,Unknown,0,8.05,2.2027647577118348,1,1
839,1,3,male,32.0,0,0,56.4958,S,Mr,Young Adult,0,Unknown,0,56.4958,4.05171190165724,1,1
840,1,1,male,40.0,0,0,29.7,C,Mr,Adult,1,C,0,29.7,3.4242626545931514,1,1
841,0,3,male,20.0,0,0,7.925,S,Mr,Young Adult,0,Unknown,0,7.925,2.188856327665703,1,1
842,0,2,male,16.0,0,0,10.5,S,Mr,Teen,0,Unknown,0,10.5,2.4423470353692043,1,1
843,1,1,female,30.0,0,0,31.0,C,Miss,Young Adult,0,Unknown,0,31.0,3.4657359027997265,1,1
844,0,3,male,34.5,0,0,6.4375,C,Mr,Young Adult,0,Unknown,0,6.4375,2.006534770871748,1,1
845,0,3,male,17.0,0,0,8.6625,S,Mr,Teen,0,Unknown,0,8.6625,2.2682524139135403,1,1
846,0,3,male,42.0,0,0,7.55,S,Mr,Adult,0,Unknown,0,7.55,2.145931282948669,1,1
847,0,3,male,26.0,8,2,69.55,S,Mr,Young Adult,0,Unknown,0,65.6344,4.256321678298823,11,0
848,0,3,male,35.0,0,0,7.8958,C,Mr,Young Adult,0,Unknown,0,7.8958,2.1855792552411137,1,1
849,0,2,male,28.0,0,1,33.0,S,Rare,Young Adult,0,Unknown,0,33.0,3.5263605246161616,2,0
850,1,1,female,40.0,1,0,89.1042,C,Mrs,Adult,1,C,0,65.6344,4.500966778400217,2,0
851,0,3,male,4.0,4,2,31.275,S,Master,Child,0,Unknown,0,31.275,3.4742929367327062,7,0
852,0,3,male,74.0,0,0,7.775,S,Mr,Senior,0,Unknown,0,7.775,2.1719067693519296,1,1
853,0,3,female,9.0,1,1,15.2458,C,Miss,Child,0,Unknown,0,15.2458,2.7878344138303452,3,0
854,1,1,female,16.0,0,1,39.4,S,Miss,Teen,1,D,0,39.4,3.6988297849671046,2,0
855,0,2,female,44.0,1,0,26.0,S,Mrs,Adult,0,Unknown,0,26.0,3.295836866004329,2,0
856,1,3,female,18.0,0,1,9.35,S,Mrs,Teen,0,Unknown,0,9.35,2.336986519711378,2,0
857,1,1,female,45.0,1,1,164.8667,S,Mrs,Adult,0,Unknown,0,65.6344,5.11118445372147,3,0
858,1,1,male,51.0,0,0,26.55,S,Mr,Adult,1,E,0,26.55,3.3160025355989236,1,1
859,1,3,female,24.0,0,3,19.2583,C,Mrs,Young Adult,0,Unknown,0,19.2583,3.0085645861193133,4,0
860,0,3,male,26.0,0,0,7.2292,C,Mr,Young Adult,0,Unknown,0,7.2292,2.1076888046179385,1,1
861,0,3,male,41.0,2,0,14.1083,S,Mr,Adult,0,Unknown,0,14.1083,2.7152442616824506,3,0
862,0,2,male,21.0,1,0,11.5,S,Mr,Young Adult,0,Unknown,0,11.5,2.5257286443082556,2,0
863,1,1,female,48.0,0,0,25.9292,S,Mrs,Adult,1,D,0,25.9292,3.2932111997353943,1,1
864,0,3,female,18.0,8,2,69.55,S,Miss,Teen,0,Unknown,0,65.6344,4.256321678298823,11,0
865,0,2,male,24.0,0,0,13.0,S,Mr,Young Adult,0,Unknown,0,13.0,2.6390573296152584,1,1
866,1,2,female,42.0,0,0,13.0,S,Mrs,Adult,0,Unknown,0,13.0,2.6390573296152584,1,1
867,1,2,female,27.0,1,0,13.8583,C,Miss,Young Adult,0,Unknown,0,13.8583,2.698558631668595,2,0
868,0,1,male,31.0,0,0,50.4958,S,Mr,Young Adult,1,A,0,50.4958,3.941500250945973,1,1
869,0,3,male,26.0,0,0,9.5,S,Mr,Young Adult,0,Unknown,0,9.5,2.3513752571634776,1,1
870,1,3,male,4.0,1,1,11.1333,S,Master,Child,0,Unknown,0,11.1333,2.495953738718064,3,0
871,0,3,male,26.0,0,0,7.8958,S,Mr,Young Adult,0,Unknown,0,7.8958,2.1855792552411137,1,1
872,1,1,female,47.0,1,1,52.5542,S,Mrs,Adult,1,D,0,52.5542,3.9806942251907276,3,0
873,0,1,male,33.0,0,0,5.0,S,Mr,Young Adult,1,B,0,5.0,1.791759469228055,1,1
874,0,3,male,47.0,0,0,9.0,S,Mr,Adult,0,Unknown,0,9.0,2.302585092994046,1,1
875,1,2,female,28.0,1,0,24.0,C,Mrs,Young Adult,0,Unknown,0,24.0,3.2188758248682006,2,0
876,1,3,female,15.0,0,0,7.225,C,Miss,Teen,0,Unknown,0,7.225,2.1071782966514356,1,1
877,0,3,male,20.0,0,0,9.8458,S,Mr,Young Adult,0,Unknown,0,9.8458,2.3837779082709782,1,1
878,0,3,male,19.0,0,0,7.8958,S,Mr,Young Adult,0,Unknown,0,7.8958,2.1855792552411137,1,1
879,0,3,male,26.0,0,0,7.8958,S,Mr,Young Adult,0,Unknown,0,7.8958,2.1855792552411137,1,1
880,1,1,female,56.0,0,1,83.1583,C,Mrs,Adult,1,C,0,65.6344,4.432699549165613,2,0
881,1,2,female,25.0,0,1,26.0,S,Mrs,Young Adult,0,Unknown,0,26.0,3.295836866004329,2,0
882,0,3,male,33.0,0,0,7.8958,S,Mr,Young Adult,0,Unknown,0,7.8958,2.1855792552411137,1,1
883,0,3,female,22.0,0,0,10.5167,S,Miss,Young Adult,0,Unknown,0,10.5167,2.4437981558973862,1,1
884,0,2,male,28.0,0,0,10.5,S,Mr,Young Adult,0,Unknown,0,10.5,2.4423470353692043,1,1
885,0,3,male,25.0,0,0,7.05,S,Mr,Young Adult,0,Unknown,0,7.05,2.0856720914304723,1,1
886,0,3,female,39.0,0,5,29.125,Q,Mrs,Adult,0,Unknown,0,29.125,3.405355391810819,6,0
887,0,2,male,27.0,0,0,13.0,S,Rare,Young Adult,0,Unknown,0,13.0,2.6390573296152584,1,1
888,1,1,female,19.0,0,0,30.0,S,Miss,Young Adult,1,B,0,30.0,3.4339872044851463,1,1
889,0,3,female,18.0,1,2,23.45,S,Miss,Teen,0,Unknown,0,23.45,3.196630215920881,4,0
890,1,1,male,26.0,0,0,30.0,C,Mr,Young Adult,1,C,0,30.0,3.4339872044851463,1,1
891,0,3,male,32.0,0,0,7.75,Q,Mr,Young Adult,0,Unknown,0,7.75,2.169053700369523,1,1
